[
  {
    "CdsFCBContext": "{\"FileType\":true,\"ImageExternalStorage\":true}",
    "EntitySetName": "zx_customergroups",
    "IsHidden": false,
    "IsSampleData": false,
    "IsWritable": true,
    "LogicalName": "zx_customergroup",
    "MaxGetRowsCount": 2000,
    "Name": "Customer groups",
    "NativeCDSDataSourceInfoNameMapping": {
      "_ownerid_value": "Owner",
      "createdby": "Created By",
      "createdon": "Created On",
      "createdonbehalfby": "Created By (Delegate)",
      "importsequencenumber": "Import Sequence Number",
      "modifiedby": "Modified By",
      "modifiedon": "Modified On",
      "modifiedonbehalfby": "Modified By (Delegate)",
      "overriddencreatedon": "Record Created On",
      "owningbusinessunit": "Owning Business Unit",
      "owningteam": "Owning Team",
      "owninguser": "Owning User",
      "statecode": "Status",
      "statuscode": "Status Reason",
      "timezoneruleversionnumber": "Time Zone Rule Version Number",
      "utcconversiontimezonecode": "UTC Conversion Time Zone Code",
      "versionnumber": "Version Number",
      "zx_account_CustomerGroup_zx_customergroup": "Customers",
      "zx_code": "Code",
      "zx_customergroup_AsyncOperations": "System Jobs",
      "zx_customergroup_BulkDeleteFailures": "Bulk Delete Failures",
      "zx_customergroup_DuplicateBaseRecord": "Duplicate Records (zx_customergroup_DuplicateBaseRecord)",
      "zx_customergroup_DuplicateMatchingRecord": "Duplicate Records (zx_customergroup_DuplicateMatchingRecord)",
      "zx_customergroup_MailboxTrackingFolders": "Mailbox Auto Tracking Folders",
      "zx_customergroup_PrincipalObjectAttributeAccesses": "Field Sharing",
      "zx_customergroup_ProcessSession": "Process Sessions",
      "zx_customergroup_SyncErrors": "Sync Errors",
      "zx_customergroupid": "Customer group",
      "zx_name": "Name",
      "zx_zx_customer_Customergroupcode_zx_customer": "Customer (NA)S",
      "zx_zx_customergroupdetails_Customerpricegrou": "Customer group details",
      "zx_zx_discountlines_Applicablefor_zx_custome": "Discount Lines",
      "zx_zx_itempricingmaster_Customerpricegroup_z": "Item pricing masters"
    },
    "PreferredName": "Customer groups",
    "Type": "NativeCDSDataSourceInfo"
  },
  {
    "DisplayName": "Customer groups (Views)",
    "Name": "_zx_customergroup_views",
    "RelatedEntityName": "Customer groups",
    "TrimmedViewName": true,
    "Type": "ViewInfo",
    "ViewInfoNameMapping": {
      "8aeb3e54-9ec4-4ead-b8de-7666f69d56e8": "Customer group Associated View",
      "a5bdd323-6f20-4d73-9803-4cf5347cfd02": "Customer group Advanced Find View",
      "c7dc2cab-d38c-4089-8c96-a105aab9d826": "Active Customer groups",
      "d5ec119c-b54f-40c9-986b-34c1fc75d85e": "Customer group Lookup View",
      "e8026d17-1916-4756-927a-cf09edc48c0c": "Inactive Customer groups"
    }
  },
  {
    "DisplayName": "Status (Customer groups)",
    "Name": "zx_customergroup_statecode",
    "OptionSetInfoNameMapping": {
      "0": "Active",
      "1": "Inactive"
    },
    "OptionSetIsBooleanValued": false,
    "OptionSetIsGlobal": false,
    "OptionSetReference": {
      "OptionSetReferenceItem0": {
        "OptionSetReferenceColumnName": "statecode",
        "OptionSetReferenceEntityName": "Customer groups"
      }
    },
    "OptionSetTypeKey": "StateType",
    "RelatedColumnInvariantName": "statecode",
    "RelatedEntityName": "Customer groups",
    "Type": "OptionSetInfo"
  },
  {
    "DisplayName": "Status Reason (Customer groups)",
    "Name": "zx_customergroup_statuscode",
    "OptionSetInfoNameMapping": {
      "1": "Active",
      "2": "Inactive"
    },
    "OptionSetIsBooleanValued": false,
    "OptionSetIsGlobal": false,
    "OptionSetReference": {
      "OptionSetReferenceItem0": {
        "OptionSetReferenceColumnName": "statuscode",
        "OptionSetReferenceEntityName": "Customer groups"
      }
    },
    "OptionSetTypeKey": "StatusType",
    "RelatedColumnInvariantName": "statuscode",
    "RelatedEntityName": "Customer groups",
    "Type": "OptionSetInfo"
  }
]