[
  {
    "CdsFCBContext": "{\"FileType\":true,\"ImageExternalStorage\":true}",
    "EntitySetName": "duplicaterecords",
    "IsHidden": false,
    "IsSampleData": false,
    "IsWritable": true,
    "LogicalName": "duplicaterecord",
    "MaxGetRowsCount": 2000,
    "Name": "Duplicate Records",
    "NativeCDSDataSourceInfoNameMapping": {
      "_baserecordid_value": "Base Record ID",
      "_duplicaterecordid_value": "Duplicate Record ID",
      "asyncoperationid": "System Job",
      "createdon": "CreatedOn",
      "duplicateid": "DuplicateId",
      "duplicateruleid": "DuplicateRuleId"
    },
    "PreferredName": "Duplicate Records",
    "Type": "NativeCDSDataSourceInfo"
  },
  {
    "DisplayName": "Duplicate Records (Views)",
    "Name": "_duplicaterecord_views",
    "RelatedEntityName": "Duplicate Records",
    "TrimmedViewName": true,
    "Type": "ViewInfo",
    "ViewInfoNameMapping": {}
  }
]