[
  {
    "Data": "[{\"Value\":\"Lorem ipsum\"},{\"Value\":\"Dolor sit\"},{\"Value\":\"Amet consectetur \"},{\"Value\":\"Adipisicing elit\"},{\"Value\":\"Sed do\"},{\"Value\":\"Eiusmod tempor \"},{\"Value\":\"Incididunt ut\"}]",
    "IsSampleData": true,
    "IsWritable": false,
    "Name": "LegendSample",
    "OrderedColumnNames": [
      "Value"
    ],
    "OriginalName": "LegendSample",
    "OriginalSchema": "*[Value:s]",
    "Schema": "*[Value:s]",
    "Type": "StaticDataSourceInfo"
  }
]