[
  {
    "CdsFCBContext": "{\"FileType\":true,\"ImageExternalStorage\":true}",
    "EntitySetName": "zx_paymentses",
    "IsHidden": false,
    "IsSampleData": false,
    "IsWritable": true,
    "LogicalName": "zx_payments",
    "MaxGetRowsCount": 2000,
    "Name": "Payments",
    "NativeCDSDataSourceInfoNameMapping": {
      "_ownerid_value": "Owner",
      "cr8eb_Bank": "Bank",
      "cr8eb_employeecode": "Employee code",
      "cr8eb_paymentmode": "Payment Mode",
      "createdby": "Created By",
      "createdon": "Created On",
      "createdonbehalfby": "Created By (Delegate)",
      "exchangerate": "Exchange Rate",
      "importsequencenumber": "Import Sequence Number",
      "modifiedby": "Modified By",
      "modifiedon": "Modified On",
      "modifiedonbehalfby": "Modified By (Delegate)",
      "new_push": "Push",
      "overriddencreatedon": "Record Created On",
      "owningbusinessunit": "Owning Business Unit",
      "owningteam": "Owning Team",
      "owninguser": "Owning User",
      "statecode": "Status",
      "statuscode": "Status Reason",
      "timezoneruleversionnumber": "Time Zone Rule Version Number",
      "transactioncurrencyid": "Currency",
      "utcconversiontimezonecode": "UTC Conversion Time Zone Code",
      "versionnumber": "Version Number",
      "zx_amount": "Amount",
      "zx_amount_base": "Amount (Base)",
      "zx_bankcode": "BankCode",
      "zx_ccexpiry": "CCExpiry",
      "zx_ccno": "CCNo",
      "zx_chequedate": "ChequeDate",
      "zx_chequeno": "ChequeNo",
      "zx_couponcount": "Coupon Count",
      "zx_createddate": "Created Date",
      "zx_Customer": "Customer",
      "zx_Invoice": "Invoice",
      "zx_modeofpayment": "Mode of Payment",
      "zx_name": "Receipt ID",
      "zx_Order": "Order",
      "zx_payments_AsyncOperations": "System Jobs",
      "zx_payments_BulkDeleteFailures": "Bulk Delete Failures",
      "zx_payments_DuplicateBaseRecord": "Duplicate Records (zx_payments_DuplicateBaseRecord)",
      "zx_payments_DuplicateMatchingRecord": "Duplicate Records (zx_payments_DuplicateMatchingRecord)",
      "zx_payments_MailboxTrackingFolders": "Mailbox Auto Tracking Folders",
      "zx_payments_PrincipalObjectAttributeAccesses": "Field Sharing",
      "zx_payments_ProcessSession": "Process Sessions",
      "zx_payments_SyncErrors": "Sync Errors",
      "zx_paymentsid": "Payments",
      "zx_paymenttype": "Payment Type",
      "zx_receiptdate": "Receipt Date",
      "zx_receiptnumber": "Receipt Number",
      "zx_Route": "Route",
      "zx_Salesperson": "Salesperson",
      "zx_salespersonemployeecode": "Sales Person Employee Code",
      "zx_VanNo": "Van No"
    },
    "PreferredName": "Payments",
    "Type": "NativeCDSDataSourceInfo"
  },
  {
    "DisplayName": "Payments (Views)",
    "Name": "_zx_payments_views",
    "RelatedEntityName": "Payments",
    "TrimmedViewName": true,
    "Type": "ViewInfo",
    "ViewInfoNameMapping": {
      "1b58e705-70a4-4dab-a31d-319cb2cfb466": "Payments Associated View",
      "2641068c-da30-450d-a036-b3780f922efe": "Inactive Payments",
      "313682be-1255-4c6e-abbe-7ce9d98dbb7c": "Active Payments",
      "5824d802-7cdf-4b0e-9a18-0b4d4ddd5f3d": "Payments Advanced Find View",
      "64ba30fd-bbc4-ed11-b597-002248d5db8a": "My Payments",
      "7a35c43f-63ab-ed11-83ff-002248d5db8a": "This week",
      "7bb62cb7-648d-4258-ace7-a7a800897c3e": "Payments Lookup View",
      "9e30a178-8ab6-ed11-b597-002248d5da52": "Payments",
      "aa621ce0-62ab-ed11-83ff-002248d5db8a": "Today",
      "ea414685-63ab-ed11-83ff-002248d5db8a": "This month"
    }
  },
  {
    "DisplayName": "Payment Mode (Choice)",
    "Name": "cr8eb_paymentmode",
    "OptionSetInfoNameMapping": {
      "915610000": "CASH",
      "915610001": "CHEQUE",
      "915610002": "COUPON",
      "915610003": "PAYTM",
      "915610004": "KOTAK"
    },
    "OptionSetIsBooleanValued": false,
    "OptionSetIsGlobal": true,
    "OptionSetReference": {
      "OptionSetReferenceItem0": {
        "OptionSetReferenceColumnName": "cr8eb_paymentmode",
        "OptionSetReferenceEntityName": "Payments"
      }
    },
    "OptionSetTypeKey": "PicklistType",
    "RelatedColumnInvariantName": "cr8eb_paymentmode",
    "RelatedEntityName": "Payments",
    "Type": "OptionSetInfo"
  },
  {
    "DisplayName": "Push (Payments)",
    "Name": "new_zx_payments_new_push",
    "OptionSetInfoNameMapping": {
      "0": "No",
      "1": "Yes"
    },
    "OptionSetIsBooleanValued": true,
    "OptionSetIsGlobal": false,
    "OptionSetReference": {
      "OptionSetReferenceItem0": {
        "OptionSetReferenceColumnName": "new_push",
        "OptionSetReferenceEntityName": "Payments"
      }
    },
    "OptionSetTypeKey": "BooleanType",
    "RelatedColumnInvariantName": "new_push",
    "RelatedEntityName": "Payments",
    "Type": "OptionSetInfo"
  },
  {
    "DisplayName": "Status (Payments)",
    "Name": "zx_payments_statecode",
    "OptionSetInfoNameMapping": {
      "0": "Active",
      "1": "Inactive"
    },
    "OptionSetIsBooleanValued": false,
    "OptionSetIsGlobal": false,
    "OptionSetReference": {
      "OptionSetReferenceItem0": {
        "OptionSetReferenceColumnName": "statecode",
        "OptionSetReferenceEntityName": "Payments"
      }
    },
    "OptionSetTypeKey": "StateType",
    "RelatedColumnInvariantName": "statecode",
    "RelatedEntityName": "Payments",
    "Type": "OptionSetInfo"
  },
  {
    "DisplayName": "Status Reason (Payments)",
    "Name": "zx_payments_statuscode",
    "OptionSetInfoNameMapping": {
      "1": "Active",
      "2": "Inactive"
    },
    "OptionSetIsBooleanValued": false,
    "OptionSetIsGlobal": false,
    "OptionSetReference": {
      "OptionSetReferenceItem0": {
        "OptionSetReferenceColumnName": "statuscode",
        "OptionSetReferenceEntityName": "Payments"
      }
    },
    "OptionSetTypeKey": "StatusType",
    "RelatedColumnInvariantName": "statuscode",
    "RelatedEntityName": "Payments",
    "Type": "OptionSetInfo"
  },
  {
    "DisplayName": "Payment Type (Payments)",
    "Name": "zx_payments_zx_paymenttype",
    "OptionSetInfoNameMapping": {
      "425120000": "Normal Flow",
      "425120001": "Empty Jar",
      "425120002": "Pending Invoice"
    },
    "OptionSetIsBooleanValued": false,
    "OptionSetIsGlobal": false,
    "OptionSetReference": {
      "OptionSetReferenceItem0": {
        "OptionSetReferenceColumnName": "zx_paymenttype",
        "OptionSetReferenceEntityName": "Payments"
      }
    },
    "OptionSetTypeKey": "PicklistType",
    "RelatedColumnInvariantName": "zx_paymenttype",
    "RelatedEntityName": "Payments",
    "Type": "OptionSetInfo"
  }
]