[
  {
    "CdsFCBContext": "{\"FileType\":true,\"ImageExternalStorage\":true}",
    "EntitySetName": "sites",
    "IsHidden": false,
    "IsSampleData": false,
    "IsWritable": true,
    "LogicalName": "site",
    "MaxGetRowsCount": 2000,
    "Name": "Sites",
    "NativeCDSDataSourceInfoNameMapping": {
      "address1_addresstypecode": "Address 1: Address Type",
      "address1_city": "City",
      "address1_country": "Country/Region",
      "address1_county": "Address 1: County",
      "address1_fax": "Fax",
      "address1_latitude": "Address 1: Latitude",
      "address1_line1": "Street 1",
      "address1_line2": "Street 2",
      "address1_line3": "Street 3",
      "address1_longitude": "Address 1: Longitude",
      "address1_name": "Address 1: Name",
      "address1_postalcode": "ZIP/Postal Code",
      "address1_postofficebox": "Address 1: Post Office Box",
      "address1_shippingmethodcode": "Address 1: Shipping Method",
      "address1_stateorprovince": "State/Province",
      "address1_telephone1": "Main Phone",
      "address1_telephone2": "Other Phone",
      "address1_telephone3": "Address 1: Telephone 3",
      "address1_upszone": "Address 1: UPS Zone",
      "address1_utcoffset": "Address 1: UTC Offset",
      "address2_addresstypecode": "Address 2: Address Type",
      "address2_city": "Address 2: City",
      "address2_country": "Address 2: Country/Region",
      "address2_county": "Address 2: County",
      "address2_fax": "Address 2: Fax",
      "address2_latitude": "Address 2: Latitude",
      "address2_line1": "Address 2: Street 1",
      "address2_line2": "Address 2: Street 2",
      "address2_line3": "Address 2: Street 3",
      "address2_longitude": "Address 2: Longitude",
      "address2_name": "Address 2: Name",
      "address2_postalcode": "Address 2: ZIP/Postal Code",
      "address2_postofficebox": "Address 2: Post Office Box",
      "address2_shippingmethodcode": "Address 2: Shipping Method",
      "address2_stateorprovince": "Address 2: State/Province",
      "address2_telephone1": "Address 2: Telephone 1",
      "address2_telephone2": "Address 2: Telephone 2",
      "address2_telephone3": "Address 2: Telephone 3",
      "address2_upszone": "Address 2: UPS Zone",
      "address2_utcoffset": "Address 2: UTC Offset",
      "createdby": "Created By",
      "createdon": "Created On",
      "createdonbehalfby": "Created By (Delegate)",
      "emailaddress": "Email",
      "importsequencenumber": "Import Sequence Number",
      "modifiedby": "Modified By",
      "modifiedon": "Modified On",
      "modifiedonbehalfby": "Modified By (Delegate)",
      "name": "Name",
      "organizationid_organization": "Organization Id",
      "overriddencreatedon": "Record Created On",
      "site_ActivityPointers": "Activities",
      "site_Appointments": "Appointments",
      "Site_AsyncOperations": "System Jobs",
      "Site_BulkDeleteFailures": "Bulk Delete Failures",
      "site_chats": "Teams chats",
      "site_Emails": "Email Messages",
      "site_equipment": "Facilities/Equipment",
      "site_Faxes": "Faxes",
      "site_Letters": "Letters",
      "site_MailboxTrackingFolders": "Mailbox Auto Tracking Folders",
      "site_msdyn_ocliveworkitems": "Conversations",
      "site_msdyn_ocsessions": "Sessions",
      "site_msfp_alerts": "Customer Voice alert",
      "site_msfp_surveyinvites": "Customer Voice survey invites",
      "site_msfp_surveyresponses": "Customer Voice survey responses",
      "site_OpportunityCloses": "Opportunity Close Activities",
      "site_OrderCloses": "Order Close Activities",
      "site_PhoneCalls": "Phone Calls",
      "site_PrincipalObjectAttributeAccesses": "Field Sharing",
      "Site_ProcessSessions": "Process Sessions",
      "site_QuoteCloses": "Quote Close Activities",
      "site_RecurringAppointmentMasters": "Recurring Appointments",
      "site_resources": "Resources",
      "site_service_appointments": "Service Activities (site_service_appointments)",
      "site_ServiceAppointments": "Service Activities (site_ServiceAppointments)",
      "site_SocialActivities": "Social Activities",
      "Site_SyncErrors": "Sync Errors",
      "site_system_users": "Users",
      "site_Tasks": "Tasks",
      "siteid": "Site",
      "timezonecode": "Time Zone",
      "timezoneruleversionnumber": "Time Zone Rule Version Number",
      "utcconversiontimezonecode": "UTC Conversion Time Zone Code",
      "versionnumber": "Version Number"
    },
    "PreferredName": "Sites",
    "Type": "NativeCDSDataSourceInfo"
  },
  {
    "DisplayName": "Sites (Views)",
    "Name": "_site_views",
    "RelatedEntityName": "Sites",
    "TrimmedViewName": true,
    "Type": "ViewInfo",
    "ViewInfoNameMapping": {
      "c09b2072-b98f-42d2-a74a-47deaa29f205": "Sites Lookup View",
      "f3d897bf-cc60-4b36-96a3-256e6e17b82b": "Sites Advanced Find View",
      "f5262cb2-3621-43f6-9410-f71527188da7": "All Sites"
    }
  },
  {
    "DisplayName": "Address 1: Address Type (Sites)",
    "Name": "site_address1_addresstypecode",
    "OptionSetInfoNameMapping": {
      "1": "Default Value"
    },
    "OptionSetIsBooleanValued": false,
    "OptionSetIsGlobal": false,
    "OptionSetReference": {
      "OptionSetReferenceItem0": {
        "OptionSetReferenceColumnName": "address1_addresstypecode",
        "OptionSetReferenceEntityName": "Sites"
      }
    },
    "OptionSetTypeKey": "PicklistType",
    "RelatedColumnInvariantName": "address1_addresstypecode",
    "RelatedEntityName": "Sites",
    "Type": "OptionSetInfo"
  },
  {
    "DisplayName": "Address 1: Shipping Method (Sites)",
    "Name": "site_address1_shippingmethodcode",
    "OptionSetInfoNameMapping": {
      "1": "Default Value"
    },
    "OptionSetIsBooleanValued": false,
    "OptionSetIsGlobal": false,
    "OptionSetReference": {
      "OptionSetReferenceItem0": {
        "OptionSetReferenceColumnName": "address1_shippingmethodcode",
        "OptionSetReferenceEntityName": "Sites"
      }
    },
    "OptionSetTypeKey": "PicklistType",
    "RelatedColumnInvariantName": "address1_shippingmethodcode",
    "RelatedEntityName": "Sites",
    "Type": "OptionSetInfo"
  },
  {
    "DisplayName": "Address 2: Address Type (Sites)",
    "Name": "site_address2_addresstypecode",
    "OptionSetInfoNameMapping": {
      "1": "Default Value"
    },
    "OptionSetIsBooleanValued": false,
    "OptionSetIsGlobal": false,
    "OptionSetReference": {
      "OptionSetReferenceItem0": {
        "OptionSetReferenceColumnName": "address2_addresstypecode",
        "OptionSetReferenceEntityName": "Sites"
      }
    },
    "OptionSetTypeKey": "PicklistType",
    "RelatedColumnInvariantName": "address2_addresstypecode",
    "RelatedEntityName": "Sites",
    "Type": "OptionSetInfo"
  },
  {
    "DisplayName": "Address 2: Shipping Method (Sites)",
    "Name": "site_address2_shippingmethodcode",
    "OptionSetInfoNameMapping": {
      "1": "Default Value"
    },
    "OptionSetIsBooleanValued": false,
    "OptionSetIsGlobal": false,
    "OptionSetReference": {
      "OptionSetReferenceItem0": {
        "OptionSetReferenceColumnName": "address2_shippingmethodcode",
        "OptionSetReferenceEntityName": "Sites"
      }
    },
    "OptionSetTypeKey": "PicklistType",
    "RelatedColumnInvariantName": "address2_shippingmethodcode",
    "RelatedEntityName": "Sites",
    "Type": "OptionSetInfo"
  }
]