{
  "ClientBuildDetails": {
    "CommitHash": "45c3260c720cd2828d3849c2252f73f595758d68",
    "IsLocalBuild": false
  },
  "ClientPerFileChecksums": {
    "AppCheckerResult.sarif": "C8_4NZsXiV6ufg7SOdL5G+JhdF7vK5JPV0MzUhy0lr6XY8=",
    "Assets\\Images\\0001.png": "C8_879HbWZJMmC50K8ddH86VK7vl6nvhk06uwYKH6TZE8o=",
    "Assets\\Images\\0002.png": "C8_6CpHXUS1DoanKquNKdpx0eV/Dhry3h6gmVEL1FNPLvk=",
    "Assets\\Images\\0003.jpg": "C8_5USQn3asedb9N0pvF45QdQ86GRTSmhENigwy/cCthIo=",
    "Assets\\Images\\0004.png": "C8_RJ6sAdYJUFVTmhjWxaEmv9sElpm16kWfswq0HUxnpSY=",
    "Assets\\Images\\0005.png": "C8_JdAkcMYhbQDQfV59X8NYTpEbT++jDuvC3m5bzqE7VIw=",
    "Assets\\Images\\0006.png": "C8_RSa2w+SYioPX8ekS9Ebgra4RY59nX+D3ItkipoAxIpk=",
    "Assets\\Images\\0007.jpg": "C8_UjwIomKJffS/BJ8R2rLSki1+mKxiUizGP0QdNakXFcE=",
    "Assets\\Images\\0008.png": "C8_m7mPAtOmYrsy0epdELjFA8mD8tlcAgJToFkP9U29d7w=",
    "Assets\\Images\\0009.png": "C8_tHV6rKJQcYgkmacAOJ34RBnkcQ4annOAeOEasMHpTXg=",
    "Assets\\Images\\0010.jpeg": "C8_s7Mph582TLWkz/DJvYJBgIQ4f+K2m+55zYzJzsmVvWs=",
    "Components\\114.json": "C8_Aa2XyQ7ClUDRrxQZbqnKNVAHUyO6lA/2tgWBOphWkfA=",
    "Components\\119.json": "C8_oxVcG/3goNoLkz+mwQkeMDCVKvNUsdq3ckG97yCitm4=",
    "Components\\124.json": "C8_OYdhoQV2Ck84PCD6nssqGMtdRsptIpeLlod3UQDvcc0=",
    "Components\\132.json": "C8_7zdAgQk5MJ0jIaiDgSRT0KFoN9YOVuAPhUHa2ikJf5A=",
    "Components\\175.json": "C8_57qyIdLrMwYwupX8PMasZyyf0l/bwQtN9vjJvmmCKqs=",
    "Components\\200.json": "C8_fVjj3n0alNdYxO97bsPq2xpQjflZpdPRT5/T5EfC1Dc=",
    "Components\\209.json": "C8_XJou+8E1dXcSYm6w9rh+vLiseHm5lxreus8NTics9qQ=",
    "Components\\3.json": "C8_VPFuVQciJ96+J/tnQtP3n2e0IVnBal6213sl51sBegQ=",
    "Components\\32.json": "C8_cUOojVK4aTLAVKPS0R5wmtuqbjLiGyRE8PEbFcaAGbk=",
    "Components\\38.json": "C8_ykq8Q2iUVfqwaEkccirS3dvKfCPK+4e4w2lD1VuvbnI=",
    "Components\\56.json": "C8_CX7GGKIEoZCp4EiT7kUA/OFn9EVySLClUIw8R9x4x0g=",
    "Components\\72.json": "C8_4Ku8aUPDzOIofq5NyfVzCc9hmfoLDRDZsLGNC96FvOQ=",
    "ComponentsMetadata.json": "C8_If6WHQMW5RFKowXf2SXlvQq7TARnZvCPUHHWv6HM0/g=",
    "Controls\\1.json": "C8_5esv3Chg8oe73yGO/L0YYITOW3b/2XNvYKutuakQcXk=",
    "Controls\\1073.json": "C8_NnzLWZpk7vf4QSl363EcH64DMkckpp3JtaI53W6/25s=",
    "Controls\\1098.json": "C8_S5Ng4rSkiBQPTclnueSd0Y30034yURaGr8xcDjmQJvQ=",
    "Controls\\1108.json": "C8_G87UkiVPI8UDe8XgQypTYA93TfRgbnNm8VSaeQx4Ors=",
    "Controls\\1143.json": "C8_aCX3qsXql/DH/uX0mm7u/rB77NtwnWUPkixLaVyeZDc=",
    "Controls\\1181.json": "C8_5LrPwCwO7v0O+Qjxgq+tajnlsybcP8rXVMkBE9ebDgY=",
    "Controls\\1201.json": "C8_4nMJBYMAeMFwmDHkZyqvMT57r0RfOX0bAtBrU+pz3iE=",
    "Controls\\1284.json": "C8_QQpfPDS5rGwyohnOZYK8WIbop0bcbys2XJ4B9BJ7zQc=",
    "Controls\\1306.json": "C8_8bbFhnrVSp/wmntpT9Fgx0xGPQR9cvH0NXfhmkAVvkU=",
    "Controls\\1378.json": "C8_6+zuvognlCHjDpUt0KUgQnBI6auwymFwfHNuHLkYr9s=",
    "Controls\\1444.json": "C8_+nx+YY/eNUPKPi6ODwHMtKjWwjWZSTU2+wZdsU3Zzi0=",
    "Controls\\1449.json": "C8_YpBqvGYxu68Uy7+zGNt07rgwRG3MZ8wKpK1oUb/p0qM=",
    "Controls\\1668.json": "C8_C6WB97O96h47p/jnjSDfTRhDVtGihYAUq7z9wSv2qUs=",
    "Controls\\1682.json": "C8_GT2sLO7sIzxmbVQyd0KKOuRi7UUxWbi4Y4boasUPyNg=",
    "Controls\\1702.json": "C8_eQ5wtRsAlONLnWeKfyGj5Sj/H+d21/1os8JyywAm4uE=",
    "Controls\\1763.json": "C8_W0hkFVsR6ej+c8ev3kADEFi3lfrDahwqIxnXsrntrWE=",
    "Controls\\1785.json": "C8_4rGP0k4k4N4K3E+x6a6vbzCe1zQlJQHPZnhrN4Kr+J4=",
    "Controls\\250.json": "C8_pPszJxzJKynD+aMPWngO8xMldzwXB43e8H5jCGntv6Y=",
    "Controls\\278.json": "C8_X9YJ3nwI+mkZsh5hsGzbR/NZQMghlYw6h7YQr7Fvp2s=",
    "Controls\\309.json": "C8_eWsRsZbyVWGd0Sz+BxWAjBCF4x9rtwYrsJsy53NAIvc=",
    "Controls\\341.json": "C8_kXdVAEYKtb09l8OkQm1apXMGZLmjISSuLvYCGOEbQF0=",
    "Controls\\383.json": "C8_LkHe+s9PHyU9iVM4jjo1lnxNq5AS3JGP4axfY/2lTZc=",
    "Controls\\589.json": "C8_dQhiR4W2IL9SGoGpFrQ9yKPtQ4W2xKITcC3hf2WwjsU=",
    "Controls\\601.json": "C8_WqXjnipeoDK65ytKybs7dsYlc4iAkSbfA5qJrdJV2aU=",
    "Controls\\611.json": "C8_VDq6EORRAI2SEJrUs9Z25v2iKt1CyVmSQh5YtvP1SfQ=",
    "Controls\\621.json": "C8_YPtSgEkITOCbJWGH0DBfGBmR6rH0JxCOB++8bi6YLVI=",
    "Controls\\640.json": "C8_7VDJoqRLHEn2nKfWfFX+G24xvkuzWw1NVIHWy7Dd0Ag=",
    "Controls\\668.json": "C8_l+vTDUIab4Pj2TBKicT2Vfy/j9YR9uzasyQu26R2hFY=",
    "Controls\\719.json": "C8_uXyj3qWqWADWPb2piWGIQYKOzSMCY33VzgkDaUoj4uc=",
    "Controls\\741.json": "C8_HYrJPx3jb8fp6OkIkKBiy5vmzj34ezW/UXGi4WARrHw=",
    "Controls\\773.json": "C8_1sl84vHQKxHUNN4OrvML+3cGR+I2Sfco/4aQnI4okFc=",
    "Controls\\809.json": "C8_CrD3jArIl3KRfZdgKMhF9sTHj9MjB70z8/9PxjV97ko=",
    "Controls\\851.json": "C8_0YNI0ynMNLBXGgY9bJ7ASJUZyhNoPMBKjhOI1eB9J3o=",
    "Controls\\886.json": "C8_Y+gyH8fGTRXCeZvg3CSvtph1PgqoQWPXhE1gagkcCNI=",
    "Controls\\890.json": "C8_onk55is7Kes4gAAvS0PzL/OLNacL2OdekHNSIYVOOZE=",
    "Controls\\927.json": "C8_EfCaZsBdP83SiKpGAlVXr1apX7ecU/EaL9e+EgPwURI=",
    "Controls\\943.json": "C8_TXpJqEDXxM4PzHsYnfPS6jWaQsOg9cuTmYmhRu10aOI=",
    "Controls\\951.json": "C8_POyWB0DlRt0f4eH7zhpgugE4ArdrKL5/giHgJpvwjtU=",
    "Controls\\978.json": "C8_Y0481Olf5n3rUUJkU3lV5KKxHxW4bMJXF71i81OWkuw=",
    "Header.json": "C8_o5Ey+WJM7bNhPsAXWuNus28q14PBXQdtRIZt3rjISfY=",
    "Properties.json": "C8_qX0Dx9EMgpre9dnDl8UyMfRIV3ziLSxUDwcHIEGmvdY=",
    "References\\DataSources.json": "C8_jX54QR7HQsm6wnthKUy3LP+u3L9q2ygf1a6rv/ERUHM=",
    "References\\QualifiedValues.json": "C8_IX3ZJ7ItmAl9E4RMrUiWissHrvQAO6EP3chF4ifjYX0=",
    "References\\Resources.json": "C8_RPjnRCc8pzpU3v2237cIhrbWYNubR0sU7VmHJE7LyDk=",
    "References\\Templates.json": "C8_GKK4KV4SCLJWOHYlOBrDLo2E3eWLFQNsn8wmqY5Vzuk=",
    "References\\Themes.json": "C8_c3o67xWgcKE08Aet0I6feE5XDEo8c9IkRs++0+4e/5M=",
    "Resources\\logo.jpg": "C8_Ayse4r5z0n3hD5L8I/1INm0b3/bz1ngQOPI03gNbYZc=",
    "Resources\\PublishInfo.json": "C8_pNmhrNazn8ePbZqPh85FMh6cAcSogX87k6lfWzk6kbo="
  },
  "ClientStampedChecksum": "C8_TfELeLTZ1M2G+YQClf195kfMGMSgdzB4X7TP3E58tY4=",
  "ServerPerFileChecksums": {
    "AppCheckerResult.sarif": "C8_4NZsXiV6ufg7SOdL5G+JhdF7vK5JPV0MzUhy0lr6XY8=",
    "Assets\\Images\\0001.png": "C8_879HbWZJMmC50K8ddH86VK7vl6nvhk06uwYKH6TZE8o=",
    "Assets\\Images\\0002.png": "C8_6CpHXUS1DoanKquNKdpx0eV/Dhry3h6gmVEL1FNPLvk=",
    "Assets\\Images\\0003.jpg": "C8_5USQn3asedb9N0pvF45QdQ86GRTSmhENigwy/cCthIo=",
    "Assets\\Images\\0004.png": "C8_RJ6sAdYJUFVTmhjWxaEmv9sElpm16kWfswq0HUxnpSY=",
    "Assets\\Images\\0005.png": "C8_JdAkcMYhbQDQfV59X8NYTpEbT++jDuvC3m5bzqE7VIw=",
    "Assets\\Images\\0006.png": "C8_RSa2w+SYioPX8ekS9Ebgra4RY59nX+D3ItkipoAxIpk=",
    "Assets\\Images\\0007.jpg": "C8_UjwIomKJffS/BJ8R2rLSki1+mKxiUizGP0QdNakXFcE=",
    "Assets\\Images\\0008.png": "C8_m7mPAtOmYrsy0epdELjFA8mD8tlcAgJToFkP9U29d7w=",
    "Assets\\Images\\0009.png": "C8_tHV6rKJQcYgkmacAOJ34RBnkcQ4annOAeOEasMHpTXg=",
    "Assets\\Images\\0010.jpeg": "C8_s7Mph582TLWkz/DJvYJBgIQ4f+K2m+55zYzJzsmVvWs=",
    "Components\\114.json": "C8_Aa2XyQ7ClUDRrxQZbqnKNVAHUyO6lA/2tgWBOphWkfA=",
    "Components\\119.json": "C8_oxVcG/3goNoLkz+mwQkeMDCVKvNUsdq3ckG97yCitm4=",
    "Components\\124.json": "C8_OYdhoQV2Ck84PCD6nssqGMtdRsptIpeLlod3UQDvcc0=",
    "Components\\132.json": "C8_7zdAgQk5MJ0jIaiDgSRT0KFoN9YOVuAPhUHa2ikJf5A=",
    "Components\\175.json": "C8_57qyIdLrMwYwupX8PMasZyyf0l/bwQtN9vjJvmmCKqs=",
    "Components\\200.json": "C8_fVjj3n0alNdYxO97bsPq2xpQjflZpdPRT5/T5EfC1Dc=",
    "Components\\209.json": "C8_XJou+8E1dXcSYm6w9rh+vLiseHm5lxreus8NTics9qQ=",
    "Components\\3.json": "C8_VPFuVQciJ96+J/tnQtP3n2e0IVnBal6213sl51sBegQ=",
    "Components\\32.json": "C8_cUOojVK4aTLAVKPS0R5wmtuqbjLiGyRE8PEbFcaAGbk=",
    "Components\\38.json": "C8_ykq8Q2iUVfqwaEkccirS3dvKfCPK+4e4w2lD1VuvbnI=",
    "Components\\56.json": "C8_CX7GGKIEoZCp4EiT7kUA/OFn9EVySLClUIw8R9x4x0g=",
    "Components\\72.json": "C8_4Ku8aUPDzOIofq5NyfVzCc9hmfoLDRDZsLGNC96FvOQ=",
    "ComponentsMetadata.json": "C8_If6WHQMW5RFKowXf2SXlvQq7TARnZvCPUHHWv6HM0/g=",
    "Controls\\1.json": "C8_5esv3Chg8oe73yGO/L0YYITOW3b/2XNvYKutuakQcXk=",
    "Controls\\1073.json": "C8_NnzLWZpk7vf4QSl363EcH64DMkckpp3JtaI53W6/25s=",
    "Controls\\1098.json": "C8_S5Ng4rSkiBQPTclnueSd0Y30034yURaGr8xcDjmQJvQ=",
    "Controls\\1108.json": "C8_G87UkiVPI8UDe8XgQypTYA93TfRgbnNm8VSaeQx4Ors=",
    "Controls\\1143.json": "C8_aCX3qsXql/DH/uX0mm7u/rB77NtwnWUPkixLaVyeZDc=",
    "Controls\\1181.json": "C8_5LrPwCwO7v0O+Qjxgq+tajnlsybcP8rXVMkBE9ebDgY=",
    "Controls\\1201.json": "C8_4nMJBYMAeMFwmDHkZyqvMT57r0RfOX0bAtBrU+pz3iE=",
    "Controls\\1284.json": "C8_QQpfPDS5rGwyohnOZYK8WIbop0bcbys2XJ4B9BJ7zQc=",
    "Controls\\1306.json": "C8_8bbFhnrVSp/wmntpT9Fgx0xGPQR9cvH0NXfhmkAVvkU=",
    "Controls\\1378.json": "C8_6+zuvognlCHjDpUt0KUgQnBI6auwymFwfHNuHLkYr9s=",
    "Controls\\1444.json": "C8_+nx+YY/eNUPKPi6ODwHMtKjWwjWZSTU2+wZdsU3Zzi0=",
    "Controls\\1449.json": "C8_YpBqvGYxu68Uy7+zGNt07rgwRG3MZ8wKpK1oUb/p0qM=",
    "Controls\\1668.json": "C8_C6WB97O96h47p/jnjSDfTRhDVtGihYAUq7z9wSv2qUs=",
    "Controls\\1682.json": "C8_GT2sLO7sIzxmbVQyd0KKOuRi7UUxWbi4Y4boasUPyNg=",
    "Controls\\1702.json": "C8_eQ5wtRsAlONLnWeKfyGj5Sj/H+d21/1os8JyywAm4uE=",
    "Controls\\1763.json": "C8_W0hkFVsR6ej+c8ev3kADEFi3lfrDahwqIxnXsrntrWE=",
    "Controls\\1785.json": "C8_4rGP0k4k4N4K3E+x6a6vbzCe1zQlJQHPZnhrN4Kr+J4=",
    "Controls\\250.json": "C8_pPszJxzJKynD+aMPWngO8xMldzwXB43e8H5jCGntv6Y=",
    "Controls\\278.json": "C8_X9YJ3nwI+mkZsh5hsGzbR/NZQMghlYw6h7YQr7Fvp2s=",
    "Controls\\309.json": "C8_eWsRsZbyVWGd0Sz+BxWAjBCF4x9rtwYrsJsy53NAIvc=",
    "Controls\\341.json": "C8_kXdVAEYKtb09l8OkQm1apXMGZLmjISSuLvYCGOEbQF0=",
    "Controls\\383.json": "C8_LkHe+s9PHyU9iVM4jjo1lnxNq5AS3JGP4axfY/2lTZc=",
    "Controls\\589.json": "C8_dQhiR4W2IL9SGoGpFrQ9yKPtQ4W2xKITcC3hf2WwjsU=",
    "Controls\\601.json": "C8_WqXjnipeoDK65ytKybs7dsYlc4iAkSbfA5qJrdJV2aU=",
    "Controls\\611.json": "C8_VDq6EORRAI2SEJrUs9Z25v2iKt1CyVmSQh5YtvP1SfQ=",
    "Controls\\621.json": "C8_YPtSgEkITOCbJWGH0DBfGBmR6rH0JxCOB++8bi6YLVI=",
    "Controls\\640.json": "C8_7VDJoqRLHEn2nKfWfFX+G24xvkuzWw1NVIHWy7Dd0Ag=",
    "Controls\\668.json": "C8_l+vTDUIab4Pj2TBKicT2Vfy/j9YR9uzasyQu26R2hFY=",
    "Controls\\719.json": "C8_uXyj3qWqWADWPb2piWGIQYKOzSMCY33VzgkDaUoj4uc=",
    "Controls\\741.json": "C8_HYrJPx3jb8fp6OkIkKBiy5vmzj34ezW/UXGi4WARrHw=",
    "Controls\\773.json": "C8_1sl84vHQKxHUNN4OrvML+3cGR+I2Sfco/4aQnI4okFc=",
    "Controls\\809.json": "C8_CrD3jArIl3KRfZdgKMhF9sTHj9MjB70z8/9PxjV97ko=",
    "Controls\\851.json": "C8_0YNI0ynMNLBXGgY9bJ7ASJUZyhNoPMBKjhOI1eB9J3o=",
    "Controls\\886.json": "C8_Y+gyH8fGTRXCeZvg3CSvtph1PgqoQWPXhE1gagkcCNI=",
    "Controls\\890.json": "C8_onk55is7Kes4gAAvS0PzL/OLNacL2OdekHNSIYVOOZE=",
    "Controls\\927.json": "C8_EfCaZsBdP83SiKpGAlVXr1apX7ecU/EaL9e+EgPwURI=",
    "Controls\\943.json": "C8_TXpJqEDXxM4PzHsYnfPS6jWaQsOg9cuTmYmhRu10aOI=",
    "Controls\\951.json": "C8_POyWB0DlRt0f4eH7zhpgugE4ArdrKL5/giHgJpvwjtU=",
    "Controls\\978.json": "C8_Y0481Olf5n3rUUJkU3lV5KKxHxW4bMJXF71i81OWkuw=",
    "Header.json": "C8_o5Ey+WJM7bNhPsAXWuNus28q14PBXQdtRIZt3rjISfY=",
    "Properties.json": "C8_qX0Dx9EMgpre9dnDl8UyMfRIV3ziLSxUDwcHIEGmvdY=",
    "References\\DataSources.json": "C8_jX54QR7HQsm6wnthKUy3LP+u3L9q2ygf1a6rv/ERUHM=",
    "References\\QualifiedValues.json": "C8_IX3ZJ7ItmAl9E4RMrUiWissHrvQAO6EP3chF4ifjYX0=",
    "References\\Resources.json": "C8_RPjnRCc8pzpU3v2237cIhrbWYNubR0sU7VmHJE7LyDk=",
    "References\\Templates.json": "C8_GKK4KV4SCLJWOHYlOBrDLo2E3eWLFQNsn8wmqY5Vzuk=",
    "References\\Themes.json": "C8_c3o67xWgcKE08Aet0I6feE5XDEo8c9IkRs++0+4e/5M=",
    "Resources\\logo.jpg": "C8_Ayse4r5z0n3hD5L8I/1INm0b3/bz1ngQOPI03gNbYZc=",
    "Resources\\PublishInfo.json": "C8_pNmhrNazn8ePbZqPh85FMh6cAcSogX87k6lfWzk6kbo="
  },
  "ServerStampedChecksum": "C8_TfELeLTZ1M2G+YQClf195kfMGMSgdzB4X7TP3E58tY4="
}