{
  "FormatVersion": "0.24",
  "Header": {
    "DocVersion": "1.330",
    "MinVersionToLoad": "1.327",
    "MSAppStructureVersion": "2.0"
  },
  "Properties": {
    "AppCreationSource": "AppFromScratch",
    "AppDescription": "",
    "AppPreviewFlagsMap": {
      "aibuilderserviceenrollment": false,
      "allowmultiplescreensincanvaspages": false,
      "appinsightserrortracing": false,
      "appinstrumentationcorrelationtracing": false,
      "autocreateenvironmentvariables": false,
      "backfromhostaction": true,
      "behaviorpropertyui": false,
      "blockmovingcontrol": true,
      "cdsdataformatting": false,
      "classiccontrols": false,
      "consistentreturnschemafortabularfunctions": true,
      "copyandmerge": true,
      "datatablev2control": true,
      "dataverseactionsenabled": false,
      "delaycontrolrendering": true,
      "delayloadscreens": false,
      "disablecdsfileandlargeimage": false,
      "dynamicschema": false,
      "enableappembeddingux": false,
      "enablechatbotfeature": false,
      "enablecomponentnamemaps": false,
      "enablecomponentscopeoldbehavior": false,
      "enablecopilotcontrol": false,
      "enableeditcacherefreshfrequency": false,
      "enableexcelonlinebusinessv2connector": true,
      "enableideaspanel": true,
      "enablelegacybarcodescanner": false,
      "enableonstart": true,
      "enableonstartnavigate": false,
      "enablepcfmoderndatasets": true,
      "enablepowerautomatepane": true,
      "enablerowscopeonetonexpand": false,
      "enablerpawarecomponentdependency": true,
      "enablerulespanel": false,
      "enableruntimepolicies": false,
      "enablesaveloadcleardataonweb": false,
      "enhanceddelegation": true,
      "enhancedgalleryinitialization": true,
      "errorhandling": true,
      "excelcompatibility": false,
      "expandedsavedatasupport": true,
      "exportimportcomponents2": true,
      "externalmessage": false,
      "fluentv9controls": false,
      "formuladataprefetch": true,
      "formularepair": false,
      "generatedebugpublishedapp": true,
      "herocontrols": false,
      "improvedmediacapture": false,
      "improvedtabstopbehavior": false,
      "keeprecentscreensloaded": false,
      "longlivingcache": false,
      "namedformulas": false,
      "nativecdsexperimental": true,
      "optimizedforteamsmeeting": false,
      "packagemodernruntime": false,
      "parallelcodegen": false,
      "pdffunction": true,
      "projectionmapping": true,
      "reactformulabar": false,
      "reliableconcurrent": true,
      "reverttooldpowerautomate": false,
      "rtlinstudiopreview": false,
      "rtlsupport": false,
      "supportcolumnnamesasidentifiers": false,
      "tabledoesntwraprecords": true,
      "untypedobject": false,
      "usedisplaynamemetadata": true,
      "useenforcesavedatalimits": true,
      "useexperimentalcdsconnector": true,
      "useexperimentalsqlconnector": true,
      "useguiddatatypes": true,
      "usenonblockingonstartrule": true,
      "webbarcodescanner": false,
      "zeroalltabindexes": false
    },
    "Author": "",
    "ContainsThirdPartyPcfControls": false,
    "DefaultConnectedDataSourceMaxGetRowsCount": 2000,
    "DocumentAppType": "Phone",
    "DocumentLayoutHeight": 1136,
    "DocumentLayoutLockOrientation": false,
    "DocumentLayoutMaintainAspectRatio": true,
    "DocumentLayoutOrientation": "portrait",
    "DocumentLayoutScaleToFit": true,
    "DocumentLayoutWidth": 640,
    "DocumentType": "App",
    "EnableInstrumentation": false,
    "FileID": "39cc0832-0209-409a-aabb-75e3b372b828",
    "Id": "014f88ca-29c6-40d0-b60a-69bcf27cb68f",
    "InstrumentationKey": "",
    "Name": "BISLERI - Finalharjeet",
    "OriginatingVersion": "1.326"
  },
  "PublishInfo": {
    "AppName": "BISLERI - Finalharjeet",
    "BackgroundColor": "rgba(255, 255, 255, 1)",
    "IconColor": "RGBA(255,255,255,1)",
    "IconName": "",
    "LogoFileName": "logo.jpg",
    "PublishDataLocally": false,
    "PublishResourcesLocally": false,
    "PublishTarget": "player",
    "UserLocale": "en-US"
  },
  "ScreenOrder": [
    "Base Screen",
    "Login Screen",
    "Menu Screen",
    "Profile Screen",
    "Customer Screen",
    "Retailer Onboarding Screen",
    "CustomerOnboardingDetailScreen",
    "New Retailer Screen",
    "Payment Screen",
    "PaymentInfoScreen",
    "New Payment Screen",
    "Pending Payment Screen",
    "Customer Detail Screen",
    "Attendance Screen",
    "Home Screen",
    "Visit Screen",
    "VisitExecution",
    "GatePassScreen",
    "Van Transfer",
    "ReplacementScreen",
    "StockInventoryScreen",
    "FOCScreen",
    "NewFOCScreen",
    "NewDemandScreen",
    "NewReplacement",
    "OrderScreen",
    "LocationConfirmOnVisitScreen",
    "EmptyJarScreen",
    "NewEmptyJar",
    "SettlementScreen",
    "ReplacementPreviewScreen",
    "EmptyJarPreviewScreen",
    "BeatScreen",
    "BeatPlanScreen",
    "RecurringBeatPlan",
    "MyBeatPlanScreen",
    "PaymentQR",
    "OrderInfo"
  ]
}