{
  "appinfo": {
    "CustomGroupControlTemplateName": "",
    "FirstParty": true,
    "Id": "http://microsoft.com/appmagic/appinfo",
    "IsComponentTemplate": false,
    "IsCustomGroupControlTemplate": false,
    "IsPcfControl": false,
    "IsPremiumPcfControl": false,
    "IsWidgetTemplate": false,
    "LastModifiedTimestamp": "0",
    "Name": "appinfo",
    "OverridableProperties": {},
    "Version": "1.0"
  },
  "attachments": {
    "CustomGroupControlTemplateName": "",
    "FirstParty": true,
    "Id": "http://microsoft.com/appmagic/attachments",
    "IsComponentTemplate": false,
    "IsCustomGroupControlTemplate": false,
    "IsPcfControl": false,
    "IsPremiumPcfControl": false,
    "IsWidgetTemplate": true,
    "LastModifiedTimestamp": "0",
    "Name": "attachments",
    "OverridableProperties": {},
    "Version": "2.3.0"
  },
  "button": {
    "CustomGroupControlTemplateName": "",
    "FirstParty": true,
    "Id": "http://microsoft.com/appmagic/button",
    "IsComponentTemplate": false,
    "IsCustomGroupControlTemplate": false,
    "IsPcfControl": false,
    "IsPremiumPcfControl": false,
    "IsWidgetTemplate": true,
    "LastModifiedTimestamp": "0",
    "Name": "button",
    "OverridableProperties": {},
    "Version": "2.2.0"
  },
  "checkbox": {
    "CustomGroupControlTemplateName": "",
    "FirstParty": true,
    "Id": "http://microsoft.com/appmagic/checkbox",
    "IsComponentTemplate": false,
    "IsCustomGroupControlTemplate": false,
    "IsPcfControl": false,
    "IsPremiumPcfControl": false,
    "IsWidgetTemplate": true,
    "LastModifiedTimestamp": "0",
    "Name": "checkbox",
    "OverridableProperties": {},
    "Version": "2.1.0"
  },
  "circle": {
    "CustomGroupControlTemplateName": "",
    "FirstParty": true,
    "Id": "http://microsoft.com/appmagic/shapes/circle",
    "IsComponentTemplate": false,
    "IsCustomGroupControlTemplate": false,
    "IsPcfControl": false,
    "IsPremiumPcfControl": false,
    "IsWidgetTemplate": true,
    "LastModifiedTimestamp": "0",
    "Name": "circle",
    "OverridableProperties": {},
    "Version": "2.3.0"
  },
  "combobox": {
    "CustomGroupControlTemplateName": "",
    "FirstParty": true,
    "Id": "http://microsoft.com/appmagic/combobox",
    "IsComponentTemplate": false,
    "IsCustomGroupControlTemplate": false,
    "IsPcfControl": false,
    "IsPremiumPcfControl": false,
    "IsWidgetTemplate": true,
    "LastModifiedTimestamp": "0",
    "Name": "combobox",
    "OverridableProperties": {},
    "Version": "2.4.0"
  },
  "dataCard": {
    "CustomGroupControlTemplateName": "",
    "FirstParty": true,
    "Id": "http://microsoft.com/appmagic/card",
    "IsComponentTemplate": false,
    "IsCustomGroupControlTemplate": false,
    "IsPcfControl": false,
    "IsPremiumPcfControl": false,
    "IsWidgetTemplate": false,
    "LastModifiedTimestamp": "0",
    "Name": "dataCard",
    "OverridableProperties": {},
    "Version": "1.0.2"
  },
  "datepicker": {
    "CustomGroupControlTemplateName": "",
    "FirstParty": true,
    "Id": "http://microsoft.com/appmagic/datepicker",
    "IsComponentTemplate": false,
    "IsCustomGroupControlTemplate": false,
    "IsPcfControl": false,
    "IsPremiumPcfControl": false,
    "IsWidgetTemplate": true,
    "LastModifiedTimestamp": "0",
    "Name": "datepicker",
    "OverridableProperties": {},
    "Version": "2.6.0"
  },
  "dropdown": {
    "CustomGroupControlTemplateName": "",
    "FirstParty": true,
    "Id": "http://microsoft.com/appmagic/dropdown",
    "IsComponentTemplate": false,
    "IsCustomGroupControlTemplate": false,
    "IsPcfControl": false,
    "IsPremiumPcfControl": false,
    "IsWidgetTemplate": true,
    "LastModifiedTimestamp": "0",
    "Name": "dropdown",
    "OverridableProperties": {},
    "Version": "2.3.1"
  },
  "fluidGrid": {
    "CustomGroupControlTemplateName": "",
    "FirstParty": true,
    "Id": "http://microsoft.com/appmagic/fluidGrid",
    "IsComponentTemplate": false,
    "IsCustomGroupControlTemplate": false,
    "IsPcfControl": false,
    "IsPremiumPcfControl": false,
    "IsWidgetTemplate": true,
    "LastModifiedTimestamp": "0",
    "Name": "fluidGrid",
    "OverridableProperties": {},
    "Version": "2.3.0"
  },
  "formViewer": {
    "CustomGroupControlTemplateName": "",
    "FirstParty": true,
    "Id": "http://microsoft.com/appmagic/formViewer",
    "IsComponentTemplate": false,
    "IsCustomGroupControlTemplate": false,
    "IsPcfControl": false,
    "IsPremiumPcfControl": false,
    "IsWidgetTemplate": true,
    "LastModifiedTimestamp": "0",
    "Name": "formViewer",
    "OverridableProperties": {},
    "Version": "2.3.2"
  },
  "gallery": {
    "CustomGroupControlTemplateName": "",
    "FirstParty": true,
    "Id": "http://microsoft.com/appmagic/gallery",
    "IsComponentTemplate": false,
    "IsCustomGroupControlTemplate": false,
    "IsPcfControl": false,
    "IsPremiumPcfControl": false,
    "IsWidgetTemplate": true,
    "LastModifiedTimestamp": "0",
    "Name": "gallery",
    "OverridableProperties": {},
    "Version": "2.13.2"
  },
  "galleryTemplate": {
    "CustomGroupControlTemplateName": "",
    "FirstParty": true,
    "Id": "http://microsoft.com/appmagic/galleryTemplate",
    "IsComponentTemplate": false,
    "IsCustomGroupControlTemplate": false,
    "IsPcfControl": false,
    "IsPremiumPcfControl": false,
    "IsWidgetTemplate": false,
    "LastModifiedTimestamp": "0",
    "Name": "galleryTemplate",
    "OverridableProperties": {},
    "Version": "1.0"
  },
  "group": {
    "CustomGroupControlTemplateName": "",
    "FirstParty": true,
    "Id": "http://microsoft.com/appmagic/group",
    "IsComponentTemplate": false,
    "IsCustomGroupControlTemplate": false,
    "IsPcfControl": false,
    "IsPremiumPcfControl": false,
    "IsWidgetTemplate": false,
    "LastModifiedTimestamp": "0",
    "Name": "group",
    "OverridableProperties": {},
    "Version": "1"
  },
  "groupContainer": {
    "CustomGroupControlTemplateName": "",
    "FirstParty": true,
    "Id": "http://microsoft.com/appmagic/groupContainer",
    "IsComponentTemplate": false,
    "IsCustomGroupControlTemplate": false,
    "IsPcfControl": false,
    "IsPremiumPcfControl": false,
    "IsWidgetTemplate": true,
    "LastModifiedTimestamp": "0",
    "Name": "groupContainer",
    "OverridableProperties": {},
    "Version": "1.2.0"
  },
  "htmlViewer": {
    "CustomGroupControlTemplateName": "",
    "FirstParty": true,
    "Id": "http://microsoft.com/appmagic/htmlViewer",
    "IsComponentTemplate": false,
    "IsCustomGroupControlTemplate": false,
    "IsPcfControl": false,
    "IsPremiumPcfControl": false,
    "IsWidgetTemplate": true,
    "LastModifiedTimestamp": "0",
    "Name": "htmlViewer",
    "OverridableProperties": {},
    "Version": "2.1.0"
  },
  "icon": {
    "CustomGroupControlTemplateName": "",
    "FirstParty": true,
    "Id": "http://microsoft.com/appmagic/icon",
    "IsComponentTemplate": false,
    "IsCustomGroupControlTemplate": false,
    "IsPcfControl": false,
    "IsPremiumPcfControl": false,
    "IsWidgetTemplate": true,
    "LastModifiedTimestamp": "0",
    "Name": "icon",
    "OverridableProperties": {},
    "Version": "2.5.0"
  },
  "image": {
    "CustomGroupControlTemplateName": "",
    "FirstParty": true,
    "Id": "http://microsoft.com/appmagic/image",
    "IsComponentTemplate": false,
    "IsCustomGroupControlTemplate": false,
    "IsPcfControl": false,
    "IsPremiumPcfControl": false,
    "IsWidgetTemplate": true,
    "LastModifiedTimestamp": "0",
    "Name": "image",
    "OverridableProperties": {},
    "Version": "2.2.2"
  },
  "label": {
    "CustomGroupControlTemplateName": "",
    "FirstParty": true,
    "Id": "http://microsoft.com/appmagic/label",
    "IsComponentTemplate": false,
    "IsCustomGroupControlTemplate": false,
    "IsPcfControl": false,
    "IsPremiumPcfControl": false,
    "IsWidgetTemplate": true,
    "LastModifiedTimestamp": "0",
    "Name": "label",
    "OverridableProperties": {},
    "Version": "2.5.1"
  },
  "octagon": {
    "CustomGroupControlTemplateName": "",
    "FirstParty": true,
    "Id": "http://microsoft.com/appmagic/shapes/octagon",
    "IsComponentTemplate": false,
    "IsCustomGroupControlTemplate": false,
    "IsPcfControl": false,
    "IsPremiumPcfControl": false,
    "IsWidgetTemplate": true,
    "LastModifiedTimestamp": "0",
    "Name": "octagon",
    "OverridableProperties": {},
    "Version": "2.3.0"
  },
  "pcfDataField": {
    "CustomGroupControlTemplateName": "",
    "FirstParty": true,
    "Id": "http://microsoft.com/appmagic/pcfDataField",
    "IsComponentTemplate": false,
    "IsCustomGroupControlTemplate": false,
    "IsPcfControl": false,
    "IsPremiumPcfControl": false,
    "IsWidgetTemplate": true,
    "LastModifiedTimestamp": "0",
    "Name": "pcfDataField",
    "OverridableProperties": {},
    "Version": "1.4.0"
  },
  "radio": {
    "CustomGroupControlTemplateName": "",
    "FirstParty": true,
    "Id": "http://microsoft.com/appmagic/radio",
    "IsComponentTemplate": false,
    "IsCustomGroupControlTemplate": false,
    "IsPcfControl": false,
    "IsPremiumPcfControl": false,
    "IsWidgetTemplate": true,
    "LastModifiedTimestamp": "0",
    "Name": "radio",
    "OverridableProperties": {},
    "Version": "2.3.0"
  },
  "rectangle": {
    "CustomGroupControlTemplateName": "",
    "FirstParty": true,
    "Id": "http://microsoft.com/appmagic/shapes/rectangle",
    "IsComponentTemplate": false,
    "IsCustomGroupControlTemplate": false,
    "IsPcfControl": false,
    "IsPremiumPcfControl": false,
    "IsWidgetTemplate": true,
    "LastModifiedTimestamp": "0",
    "Name": "rectangle",
    "OverridableProperties": {},
    "Version": "2.3.0"
  },
  "screen": {
    "CustomGroupControlTemplateName": "",
    "FirstParty": true,
    "Id": "http://microsoft.com/appmagic/screen",
    "IsComponentTemplate": false,
    "IsCustomGroupControlTemplate": false,
    "IsPcfControl": false,
    "IsPremiumPcfControl": false,
    "IsWidgetTemplate": false,
    "LastModifiedTimestamp": "0",
    "Name": "screen",
    "OverridableProperties": {},
    "Version": "1.0"
  },
  "text": {
    "CustomGroupControlTemplateName": "",
    "FirstParty": true,
    "Id": "http://microsoft.com/appmagic/text",
    "IsComponentTemplate": false,
    "IsCustomGroupControlTemplate": false,
    "IsPcfControl": false,
    "IsPremiumPcfControl": false,
    "IsWidgetTemplate": true,
    "LastModifiedTimestamp": "0",
    "Name": "text",
    "OverridableProperties": {},
    "Version": "2.3.2"
  },
  "timer": {
    "CustomGroupControlTemplateName": "",
    "FirstParty": true,
    "Id": "http://microsoft.com/appmagic/timer",
    "IsComponentTemplate": false,
    "IsCustomGroupControlTemplate": false,
    "IsPcfControl": false,
    "IsPremiumPcfControl": false,
    "IsWidgetTemplate": true,
    "LastModifiedTimestamp": "0",
    "Name": "timer",
    "OverridableProperties": {},
    "Version": "2.1.0"
  },
  "typedDataCard": {
    "CustomGroupControlTemplateName": "",
    "FirstParty": true,
    "Id": "http://microsoft.com/appmagic/card",
    "IsComponentTemplate": false,
    "IsCustomGroupControlTemplate": false,
    "IsPcfControl": false,
    "IsPremiumPcfControl": false,
    "IsWidgetTemplate": false,
    "LastModifiedTimestamp": "0",
    "Name": "typedDataCard",
    "OverridableProperties": {},
    "Version": "1.0.5"
  }
}