{
  "ControlStates": {
    "btnSearchBackground": {
      "AllowAccessToGlobals": true,
      "ControlPropertyState": [
        {
          "AFDDataSourceName": "",
          "AutoRuleBindingEnabled": false,
          "AutoRuleBindingString": "",
          "InvariantPropertyName": "Text",
          "IsLockable": false,
          "NameMapSourceSchema": "?"
        },
        "BorderColor",
        {
          "AFDDataSourceName": "",
          "AutoRuleBindingEnabled": false,
          "AutoRuleBindingString": "RGBA(166, 166, 166, 1)",
          "InvariantPropertyName": "DisabledBorderColor",
          "IsLockable": false,
          "NameMapSourceSchema": "?"
        },
        "PressedBorderColor",
        "HoverBorderColor",
        "BorderStyle",
        "FocusedBorderColor",
        "Color",
        "DisabledColor",
        "PressedColor",
        "HoverColor",
        {
          "AFDDataSourceName": "",
          "AutoRuleBindingEnabled": false,
          "AutoRuleBindingString": "",
          "InvariantPropertyName": "DisplayMode",
          "IsLockable": false,
          "NameMapSourceSchema": "?"
        },
        "Fill",
        {
          "AFDDataSourceName": "",
          "AutoRuleBindingEnabled": false,
          "AutoRuleBindingString": "RGBA(244, 244, 244, 1)",
          "InvariantPropertyName": "DisabledFill",
          "IsLockable": false,
          "NameMapSourceSchema": "?"
        },
        "PressedFill",
        "HoverFill",
        "Font",
        "FontWeight",
        "Align",
        "VerticalAlign",
        {
          "AFDDataSourceName": "",
          "AutoRuleBindingEnabled": false,
          "AutoRuleBindingString": "",
          "InvariantPropertyName": "X",
          "IsLockable": false,
          "NameMapSourceSchema": "?"
        },
        "Y",
        {
          "AFDDataSourceName": "",
          "AutoRuleBindingEnabled": false,
          "AutoRuleBindingString": "",
          "InvariantPropertyName": "Width",
          "IsLockable": false,
          "NameMapSourceSchema": "?"
        },
        {
          "AFDDataSourceName": "",
          "AutoRuleBindingEnabled": false,
          "AutoRuleBindingString": "",
          "InvariantPropertyName": "Height",
          "IsLockable": false,
          "NameMapSourceSchema": "?"
        },
        "ZIndex",
        "RadiusTopLeft",
        "RadiusTopRight",
        "RadiusBottomLeft",
        "RadiusBottomRight",
        "BorderThickness",
        {
          "AFDDataSourceName": "",
          "AutoRuleBindingEnabled": false,
          "AutoRuleBindingString": "4",
          "InvariantPropertyName": "FocusedBorderThickness",
          "IsLockable": false,
          "NameMapSourceSchema": "?"
        },
        "Size",
        "Italic",
        "Underline",
        "Strikethrough"
      ],
      "HasDynamicProperties": false,
      "IsAutoGenerated": false,
      "IsComponentDefinition": false,
      "IsDataControl": false,
      "IsFromScreenLayout": false,
      "IsGroupControl": false,
      "IsLocked": false,
      "LayoutName": "",
      "MetaDataIDKey": "",
      "Name": "btnSearchBackground",
      "ParentIndex": 0,
      "PersistMetaDataIDKey": false,
      "Properties": [
        {
          "Category": "Data",
          "PropertyName": "Text",
          "RuleProviderType": "Unknown"
        },
        {
          "Category": "Design",
          "PropertyName": "RadiusBottomRight",
          "RuleProviderType": "Unknown"
        },
        {
          "Category": "Design",
          "PropertyName": "Size",
          "RuleProviderType": "Unknown"
        },
        {
          "Category": "Design",
          "PropertyName": "RadiusBottomLeft",
          "RuleProviderType": "Unknown"
        },
        {
          "Category": "Design",
          "PropertyName": "FocusedBorderThickness",
          "RuleProviderType": "Unknown"
        },
        {
          "Category": "Design",
          "PropertyName": "Strikethrough",
          "RuleProviderType": "Unknown"
        },
        {
          "Category": "Design",
          "PropertyName": "RadiusTopRight",
          "RuleProviderType": "Unknown"
        },
        {
          "Category": "Design",
          "PropertyName": "Underline",
          "RuleProviderType": "Unknown"
        },
        {
          "Category": "Design",
          "PropertyName": "RadiusTopLeft",
          "RuleProviderType": "Unknown"
        },
        {
          "Category": "Design",
          "PropertyName": "ZIndex",
          "RuleProviderType": "Unknown"
        },
        {
          "Category": "Design",
          "PropertyName": "BorderThickness",
          "RuleProviderType": "Unknown"
        },
        {
          "Category": "Design",
          "PropertyName": "Height",
          "RuleProviderType": "Unknown"
        },
        {
          "Category": "Design",
          "PropertyName": "Width",
          "RuleProviderType": "Unknown"
        },
        {
          "Category": "Design",
          "PropertyName": "Y",
          "RuleProviderType": "Unknown"
        },
        {
          "Category": "Design",
          "PropertyName": "X",
          "RuleProviderType": "Unknown"
        },
        {
          "Category": "Design",
          "PropertyName": "Italic",
          "RuleProviderType": "Unknown"
        },
        {
          "Category": "Design",
          "PropertyName": "VerticalAlign",
          "RuleProviderType": "Unknown"
        },
        {
          "Category": "Design",
          "PropertyName": "Align",
          "RuleProviderType": "Unknown"
        },
        {
          "Category": "Design",
          "PropertyName": "FontWeight",
          "RuleProviderType": "Unknown"
        },
        {
          "Category": "Design",
          "PropertyName": "Font",
          "RuleProviderType": "Unknown"
        },
        {
          "Category": "Design",
          "PropertyName": "HoverFill",
          "RuleProviderType": "Unknown"
        },
        {
          "Category": "Design",
          "PropertyName": "DisabledFill",
          "RuleProviderType": "Unknown"
        },
        {
          "Category": "Design",
          "PropertyName": "Fill",
          "RuleProviderType": "Unknown"
        },
        {
          "Category": "Design",
          "PropertyName": "DisplayMode",
          "RuleProviderType": "Unknown"
        },
        {
          "Category": "Design",
          "PropertyName": "HoverColor",
          "RuleProviderType": "Unknown"
        },
        {
          "Category": "Design",
          "PropertyName": "DisabledColor",
          "RuleProviderType": "Unknown"
        },
        {
          "Category": "Design",
          "PropertyName": "Color",
          "RuleProviderType": "Unknown"
        },
        {
          "Category": "Design",
          "PropertyName": "BorderStyle",
          "RuleProviderType": "Unknown"
        },
        {
          "Category": "Design",
          "PropertyName": "DisabledBorderColor",
          "RuleProviderType": "Unknown"
        },
        {
          "Category": "Design",
          "PropertyName": "PressedColor",
          "RuleProviderType": "Unknown"
        },
        {
          "Category": "Design",
          "PropertyName": "PressedBorderColor",
          "RuleProviderType": "Unknown"
        },
        {
          "Category": "Design",
          "PropertyName": "BorderColor",
          "RuleProviderType": "Unknown"
        },
        {
          "Category": "Design",
          "PropertyName": "PressedFill",
          "RuleProviderType": "Unknown"
        },
        {
          "Category": "Design",
          "PropertyName": "FocusedBorderColor",
          "RuleProviderType": "Unknown"
        },
        {
          "Category": "Design",
          "PropertyName": "HoverBorderColor",
          "RuleProviderType": "Unknown"
        }
      ],
      "StyleName": "defaultButtonStyle",
      "Type": "ControlInfo"
    },
    "grpSearch": {
      "AllowAccessToGlobals": true,
      "ControlPropertyState": [
        "X",
        "Y",
        "Width",
        "Height",
        "ZIndex"
      ],
      "HasDynamicProperties": false,
      "IsAutoGenerated": false,
      "IsComponentDefinition": false,
      "IsDataControl": false,
      "IsFromScreenLayout": false,
      "IsGroupControl": true,
      "IsLocked": false,
      "LayoutName": "",
      "MetaDataIDKey": "",
      "Name": "grpSearch",
      "ParentIndex": 3,
      "PersistMetaDataIDKey": false,
      "Properties": [
        {
          "Category": "Design",
          "PropertyName": "ZIndex",
          "RuleProviderType": "Unknown"
        },
        {
          "Category": "Design",
          "PropertyName": "Height",
          "RuleProviderType": "Unknown"
        },
        {
          "Category": "Design",
          "PropertyName": "Width",
          "RuleProviderType": "Unknown"
        },
        {
          "Category": "Design",
          "PropertyName": "Y",
          "RuleProviderType": "Unknown"
        },
        {
          "Category": "Design",
          "PropertyName": "X",
          "RuleProviderType": "Unknown"
        }
      ],
      "StyleName": "",
      "Type": "ControlInfo"
    },
    "icoSearch": {
      "AllowAccessToGlobals": true,
      "ControlPropertyState": [
        "Icon",
        {
          "AFDDataSourceName": "",
          "AutoRuleBindingEnabled": false,
          "AutoRuleBindingString": "RGBA(0, 18, 107, 1)",
          "InvariantPropertyName": "Color",
          "IsLockable": false,
          "NameMapSourceSchema": "?"
        },
        "DisabledColor",
        "PressedColor",
        "HoverColor",
        {
          "AFDDataSourceName": "",
          "AutoRuleBindingEnabled": false,
          "AutoRuleBindingString": "RGBA(0, 0, 0, 0)",
          "InvariantPropertyName": "Fill",
          "IsLockable": false,
          "NameMapSourceSchema": "?"
        },
        "DisabledFill",
        "PressedFill",
        "HoverFill",
        "DisplayMode",
        {
          "AFDDataSourceName": "",
          "AutoRuleBindingEnabled": false,
          "AutoRuleBindingString": "",
          "InvariantPropertyName": "X",
          "IsLockable": false,
          "NameMapSourceSchema": "?"
        },
        "Y",
        {
          "AFDDataSourceName": "",
          "AutoRuleBindingEnabled": false,
          "AutoRuleBindingString": "",
          "InvariantPropertyName": "Width",
          "IsLockable": false,
          "NameMapSourceSchema": "?"
        },
        {
          "AFDDataSourceName": "",
          "AutoRuleBindingEnabled": false,
          "AutoRuleBindingString": "",
          "InvariantPropertyName": "Height",
          "IsLockable": false,
          "NameMapSourceSchema": "?"
        },
        "BorderStyle",
        "BorderColor",
        "DisabledBorderColor",
        "PressedBorderColor",
        "HoverBorderColor",
        "FocusedBorderColor",
        "ZIndex",
        {
          "AFDDataSourceName": "",
          "AutoRuleBindingEnabled": false,
          "AutoRuleBindingString": "",
          "InvariantPropertyName": "BorderThickness",
          "IsLockable": false,
          "NameMapSourceSchema": "?"
        },
        {
          "AFDDataSourceName": "",
          "AutoRuleBindingEnabled": false,
          "AutoRuleBindingString": "2",
          "InvariantPropertyName": "FocusedBorderThickness",
          "IsLockable": false,
          "NameMapSourceSchema": "?"
        }
      ],
      "HasDynamicProperties": false,
      "IsAutoGenerated": false,
      "IsComponentDefinition": false,
      "IsDataControl": false,
      "IsFromScreenLayout": false,
      "IsGroupControl": false,
      "IsLocked": false,
      "LayoutName": "",
      "MetaDataIDKey": "",
      "Name": "icoSearch",
      "ParentIndex": 2,
      "PersistMetaDataIDKey": false,
      "Properties": [
        {
          "Category": "Design",
          "PropertyName": "Y",
          "RuleProviderType": "Unknown"
        },
        {
          "Category": "Design",
          "PropertyName": "X",
          "RuleProviderType": "Unknown"
        },
        {
          "Category": "Design",
          "PropertyName": "DisplayMode",
          "RuleProviderType": "Unknown"
        },
        {
          "Category": "Design",
          "PropertyName": "FocusedBorderThickness",
          "RuleProviderType": "Unknown"
        },
        {
          "Category": "Design",
          "PropertyName": "BorderThickness",
          "RuleProviderType": "Unknown"
        },
        {
          "Category": "Design",
          "PropertyName": "Fill",
          "RuleProviderType": "Unknown"
        },
        {
          "Category": "Design",
          "PropertyName": "ZIndex",
          "RuleProviderType": "Unknown"
        },
        {
          "Category": "Design",
          "PropertyName": "DisabledBorderColor",
          "RuleProviderType": "Unknown"
        },
        {
          "Category": "Design",
          "PropertyName": "BorderColor",
          "RuleProviderType": "Unknown"
        },
        {
          "Category": "Design",
          "PropertyName": "DisabledColor",
          "RuleProviderType": "Unknown"
        },
        {
          "Category": "Design",
          "PropertyName": "Color",
          "RuleProviderType": "Unknown"
        },
        {
          "Category": "Design",
          "PropertyName": "Icon",
          "RuleProviderType": "Unknown"
        },
        {
          "Category": "Design",
          "PropertyName": "FocusedBorderColor",
          "RuleProviderType": "Unknown"
        },
        {
          "Category": "Design",
          "PropertyName": "HoverBorderColor",
          "RuleProviderType": "Unknown"
        },
        {
          "Category": "Design",
          "PropertyName": "PressedBorderColor",
          "RuleProviderType": "Unknown"
        },
        {
          "Category": "Design",
          "PropertyName": "HoverFill",
          "RuleProviderType": "Unknown"
        },
        {
          "Category": "Design",
          "PropertyName": "PressedFill",
          "RuleProviderType": "Unknown"
        },
        {
          "Category": "Design",
          "PropertyName": "BorderStyle",
          "RuleProviderType": "Unknown"
        },
        {
          "Category": "Design",
          "PropertyName": "Height",
          "RuleProviderType": "Unknown"
        },
        {
          "Category": "Design",
          "PropertyName": "Width",
          "RuleProviderType": "Unknown"
        },
        {
          "Category": "Design",
          "PropertyName": "DisabledFill",
          "RuleProviderType": "Unknown"
        },
        {
          "Category": "Design",
          "PropertyName": "HoverColor",
          "RuleProviderType": "Unknown"
        },
        {
          "Category": "Design",
          "PropertyName": "PressedColor",
          "RuleProviderType": "Unknown"
        }
      ],
      "StyleName": "defaultIconStyle",
      "Type": "ControlInfo"
    },
    "SearchComp": {
      "AllowAccessToGlobals": true,
      "ControlPropertyState": [
        {
          "AFDDataSourceName": "",
          "AutoRuleBindingEnabled": false,
          "AutoRuleBindingString": "RGBA(0, 0, 0, 0)",
          "InvariantPropertyName": "Fill",
          "IsLockable": false,
          "NameMapSourceSchema": "?"
        },
        {
          "AFDDataSourceName": "",
          "AutoRuleBindingEnabled": false,
          "AutoRuleBindingString": "",
          "InvariantPropertyName": "Height",
          "IsLockable": false,
          "NameMapSourceSchema": "?"
        },
        {
          "AFDDataSourceName": "",
          "AutoRuleBindingEnabled": false,
          "AutoRuleBindingString": "",
          "InvariantPropertyName": "Width",
          "IsLockable": false,
          "NameMapSourceSchema": "?"
        },
        "X",
        "Y",
        "ZIndex",
        {
          "AFDDataSourceName": "",
          "AutoRuleBindingEnabled": false,
          "AutoRuleBindingString": "\"Text\"",
          "InvariantPropertyName": "SearchText",
          "IsLockable": false,
          "NameMapSourceSchema": "?"
        },
        {
          "AFDDataSourceName": "",
          "AutoRuleBindingEnabled": false,
          "AutoRuleBindingString": "",
          "InvariantPropertyName": "OnReset",
          "IsLockable": false,
          "NameMapSourceSchema": "?"
        },
        "SearchHintText"
      ],
      "IsAutoGenerated": false,
      "IsComponentDefinition": true,
      "IsDataControl": false,
      "IsFromScreenLayout": false,
      "IsGroupControl": false,
      "IsLocked": false,
      "LayoutName": "",
      "MetaDataIDKey": "",
      "Name": "SearchComp",
      "ParentIndex": 0,
      "PersistMetaDataIDKey": false,
      "Properties": [
        {
          "Category": "Data",
          "PropertyName": "SearchHintText",
          "RuleProviderType": "System"
        },
        {
          "Category": "Data",
          "PropertyName": "SearchText",
          "RuleProviderType": "System"
        },
        {
          "Category": "Design",
          "PropertyName": "ZIndex",
          "RuleProviderType": "Unknown"
        },
        {
          "Category": "Design",
          "PropertyName": "Y",
          "RuleProviderType": "Unknown"
        },
        {
          "Category": "Design",
          "PropertyName": "X",
          "RuleProviderType": "Unknown"
        },
        {
          "Category": "Design",
          "PropertyName": "Width",
          "RuleProviderType": "Unknown"
        },
        {
          "Category": "Design",
          "PropertyName": "Height",
          "RuleProviderType": "Unknown"
        },
        {
          "Category": "Design",
          "PropertyName": "Fill",
          "RuleProviderType": "System"
        },
        {
          "Category": "Behavior",
          "PropertyName": "OnReset",
          "RuleProviderType": "System"
        }
      ],
      "StyleName": "",
      "Type": "ControlInfo"
    },
    "txtSearchInput": {
      "AllowAccessToGlobals": true,
      "ControlPropertyState": [
        {
          "AFDDataSourceName": "",
          "AutoRuleBindingEnabled": false,
          "AutoRuleBindingString": "",
          "InvariantPropertyName": "Default",
          "IsLockable": false,
          "NameMapSourceSchema": "?"
        },
        "Mode",
        "Format",
        "VirtualKeyboardMode",
        "DelayOutput",
        "BorderColor",
        "DisabledBorderColor",
        "PressedBorderColor",
        {
          "AFDDataSourceName": "",
          "AutoRuleBindingEnabled": false,
          "AutoRuleBindingString": "",
          "InvariantPropertyName": "HoverBorderColor",
          "IsLockable": false,
          "NameMapSourceSchema": "?"
        },
        "BorderStyle",
        {
          "AFDDataSourceName": "",
          "AutoRuleBindingEnabled": false,
          "AutoRuleBindingString": "Self.BorderColor",
          "InvariantPropertyName": "FocusedBorderColor",
          "IsLockable": false,
          "NameMapSourceSchema": "?"
        },
        "Color",
        "DisabledColor",
        "PressedColor",
        "HoverColor",
        "Fill",
        "DisabledFill",
        "PressedFill",
        {
          "AFDDataSourceName": "",
          "AutoRuleBindingEnabled": false,
          "AutoRuleBindingString": "RGBA(186, 202, 226, 1)",
          "InvariantPropertyName": "HoverFill",
          "IsLockable": false,
          "NameMapSourceSchema": "?"
        },
        "Font",
        "FontWeight",
        "Align",
        {
          "AFDDataSourceName": "",
          "AutoRuleBindingEnabled": false,
          "AutoRuleBindingString": "",
          "InvariantPropertyName": "X",
          "IsLockable": false,
          "NameMapSourceSchema": "?"
        },
        "Y",
        {
          "AFDDataSourceName": "",
          "AutoRuleBindingEnabled": false,
          "AutoRuleBindingString": "",
          "InvariantPropertyName": "Width",
          "IsLockable": false,
          "NameMapSourceSchema": "?"
        },
        {
          "AFDDataSourceName": "",
          "AutoRuleBindingEnabled": false,
          "AutoRuleBindingString": "",
          "InvariantPropertyName": "Height",
          "IsLockable": false,
          "NameMapSourceSchema": "?"
        },
        "DisplayMode",
        "ZIndex",
        "RadiusTopLeft",
        "RadiusTopRight",
        "RadiusBottomLeft",
        "RadiusBottomRight",
        {
          "AFDDataSourceName": "",
          "AutoRuleBindingEnabled": false,
          "AutoRuleBindingString": "",
          "InvariantPropertyName": "BorderThickness",
          "IsLockable": false,
          "NameMapSourceSchema": "?"
        },
        {
          "AFDDataSourceName": "",
          "AutoRuleBindingEnabled": false,
          "AutoRuleBindingString": "4",
          "InvariantPropertyName": "FocusedBorderThickness",
          "IsLockable": false,
          "NameMapSourceSchema": "?"
        },
        {
          "AFDDataSourceName": "",
          "AutoRuleBindingEnabled": false,
          "AutoRuleBindingString": "21",
          "InvariantPropertyName": "Size",
          "IsLockable": false,
          "NameMapSourceSchema": "?"
        },
        "Italic",
        "Underline",
        "Strikethrough",
        {
          "AFDDataSourceName": "",
          "AutoRuleBindingEnabled": false,
          "AutoRuleBindingString": "",
          "InvariantPropertyName": "HintText",
          "IsLockable": false,
          "NameMapSourceSchema": "?"
        },
        {
          "AFDDataSourceName": "",
          "AutoRuleBindingEnabled": false,
          "AutoRuleBindingString": "\"\"",
          "InvariantPropertyName": "AccessibleLabel",
          "IsLockable": false,
          "NameMapSourceSchema": "?"
        }
      ],
      "HasDynamicProperties": false,
      "IsAutoGenerated": false,
      "IsComponentDefinition": false,
      "IsDataControl": false,
      "IsFromScreenLayout": false,
      "IsGroupControl": false,
      "IsLocked": false,
      "LayoutName": "",
      "MetaDataIDKey": "",
      "Name": "txtSearchInput",
      "ParentIndex": 1,
      "PersistMetaDataIDKey": false,
      "Properties": [
        {
          "Category": "Data",
          "PropertyName": "HintText",
          "RuleProviderType": "Unknown"
        },
        {
          "Category": "Data",
          "PropertyName": "DelayOutput",
          "RuleProviderType": "Unknown"
        },
        {
          "Category": "Data",
          "PropertyName": "Default",
          "RuleProviderType": "Unknown"
        },
        {
          "Category": "Data",
          "PropertyName": "AccessibleLabel",
          "RuleProviderType": "Unknown"
        },
        {
          "Category": "Design",
          "PropertyName": "FocusedBorderThickness",
          "RuleProviderType": "Unknown"
        },
        {
          "Category": "Design",
          "PropertyName": "BorderThickness",
          "RuleProviderType": "Unknown"
        },
        {
          "Category": "Design",
          "PropertyName": "RadiusBottomRight",
          "RuleProviderType": "Unknown"
        },
        {
          "Category": "Design",
          "PropertyName": "RadiusBottomLeft",
          "RuleProviderType": "Unknown"
        },
        {
          "Category": "Design",
          "PropertyName": "RadiusTopRight",
          "RuleProviderType": "Unknown"
        },
        {
          "Category": "Design",
          "PropertyName": "RadiusTopLeft",
          "RuleProviderType": "Unknown"
        },
        {
          "Category": "Design",
          "PropertyName": "ZIndex",
          "RuleProviderType": "Unknown"
        },
        {
          "Category": "Design",
          "PropertyName": "DisplayMode",
          "RuleProviderType": "Unknown"
        },
        {
          "Category": "Design",
          "PropertyName": "Underline",
          "RuleProviderType": "Unknown"
        },
        {
          "Category": "Design",
          "PropertyName": "Height",
          "RuleProviderType": "Unknown"
        },
        {
          "Category": "Design",
          "PropertyName": "Width",
          "RuleProviderType": "Unknown"
        },
        {
          "Category": "Design",
          "PropertyName": "Strikethrough",
          "RuleProviderType": "Unknown"
        },
        {
          "Category": "Design",
          "PropertyName": "Y",
          "RuleProviderType": "Unknown"
        },
        {
          "Category": "Design",
          "PropertyName": "X",
          "RuleProviderType": "Unknown"
        },
        {
          "Category": "Design",
          "PropertyName": "Italic",
          "RuleProviderType": "Unknown"
        },
        {
          "Category": "Design",
          "PropertyName": "Align",
          "RuleProviderType": "Unknown"
        },
        {
          "Category": "Design",
          "PropertyName": "FontWeight",
          "RuleProviderType": "Unknown"
        },
        {
          "Category": "Design",
          "PropertyName": "Font",
          "RuleProviderType": "Unknown"
        },
        {
          "Category": "Design",
          "PropertyName": "Size",
          "RuleProviderType": "Unknown"
        },
        {
          "Category": "Design",
          "PropertyName": "HoverFill",
          "RuleProviderType": "Unknown"
        },
        {
          "Category": "Design",
          "PropertyName": "DisabledFill",
          "RuleProviderType": "Unknown"
        },
        {
          "Category": "Design",
          "PropertyName": "Fill",
          "RuleProviderType": "Unknown"
        },
        {
          "Category": "Design",
          "PropertyName": "HoverColor",
          "RuleProviderType": "Unknown"
        },
        {
          "Category": "Design",
          "PropertyName": "DisabledColor",
          "RuleProviderType": "Unknown"
        },
        {
          "Category": "Design",
          "PropertyName": "Color",
          "RuleProviderType": "Unknown"
        },
        {
          "Category": "Design",
          "PropertyName": "BorderStyle",
          "RuleProviderType": "Unknown"
        },
        {
          "Category": "Design",
          "PropertyName": "HoverBorderColor",
          "RuleProviderType": "Unknown"
        },
        {
          "Category": "Design",
          "PropertyName": "DisabledBorderColor",
          "RuleProviderType": "Unknown"
        },
        {
          "Category": "Design",
          "PropertyName": "BorderColor",
          "RuleProviderType": "Unknown"
        },
        {
          "Category": "Design",
          "PropertyName": "VirtualKeyboardMode",
          "RuleProviderType": "Unknown"
        },
        {
          "Category": "Design",
          "PropertyName": "Format",
          "RuleProviderType": "Unknown"
        },
        {
          "Category": "Design",
          "PropertyName": "Mode",
          "RuleProviderType": "Unknown"
        },
        {
          "Category": "Design",
          "PropertyName": "PressedFill",
          "RuleProviderType": "Unknown"
        },
        {
          "Category": "Design",
          "PropertyName": "PressedColor",
          "RuleProviderType": "Unknown"
        },
        {
          "Category": "Design",
          "PropertyName": "PressedBorderColor",
          "RuleProviderType": "Unknown"
        },
        {
          "Category": "Design",
          "PropertyName": "FocusedBorderColor",
          "RuleProviderType": "Unknown"
        }
      ],
      "StyleName": "defaultTextStyle",
      "Type": "ControlInfo"
    }
  },
  "TopParentName": "SearchComp"
}