{
  "Name": "Map",
  "PcfConversions": [
    {
      "Action": [
        {
          "Name": "RouteWaypoints_Items",
          "Type": "add"
        },
        {
          "Name": "RouteWaypointsLabels",
          "Type": "add"
        },
        {
          "Name": "RouteWaypointsLatitudes",
          "Type": "add"
        },
        {
          "Name": "RouteWaypointsLongitudes",
          "Type": "add"
        },
        {
          "Name": "RouteWaypointsAddresses",
          "Type": "add"
        },
        {
          "Name": "RouteWaypoints_Selected",
          "Type": "add"
        },
        {
          "Name": "RouteWaypoints_SelectedItems",
          "Type": "add"
        },
        {
          "Name": "UseRouting",
          "Type": "add"
        },
        {
          "Name": "RouteMaintainOrder",
          "Type": "add"
        },
        {
          "Name": "RouteOptimization",
          "Type": "add"
        },
        {
          "Name": "RouteTravelMode",
          "Type": "add"
        },
        {
          "Name": "RouteDirection",
          "Type": "add"
        },
        {
          "Name": "OnRouteDirectionChange",
          "Type": "add"
        }
      ],
      "From": "1.8.21",
      "To": "1.8.22"
    },
    {
      "Action": [
        {
          "Name": "Bounds",
          "Type": "add"
        },
        {
          "Name": "ShowRoutePins",
          "Type": "add"
        }
      ],
      "From": "1.8.23",
      "To": "1.8.24"
    },
    {
      "Action": [
        {
          "Name": "MapStyle",
          "Type": "add"
        }
      ],
      "From": "1.8.24",
      "To": "1.8.25"
    },
    {
      "Action": [
        {
          "Name": "AddressDataSource",
          "Type": "add"
        }
      ],
      "From": "1.8.25",
      "To": "1.8.26"
    }
  ],
  "Version": "1.8.26"
}