{
  "ComponentAllowCustomization": true,
  "ComponentChangedSinceFileImport": true,
  "ComponentDefinitionInfo": {
    "AllowAccessToGlobals": true,
    "Children": [
      {
        "AllowAccessToGlobals": true,
        "Children": [
          {
            "AllowAccessToGlobals": true,
            "Children": [],
            "ControlPropertyState": [
              "TemplateFill",
              {
                "AFDDataSourceName": "",
                "AutoRuleBindingEnabled": false,
                "AutoRuleBindingString": "false",
                "InvariantPropertyName": "OnSelect",
                "IsLockable": false,
                "NameMapSourceSchema": "?"
              }
            ],
            "ControlUniqueId": "34",
            "HasDynamicProperties": false,
            "Index": 0,
            "IsAutoGenerated": false,
            "IsDataControl": true,
            "IsFromScreenLayout": false,
            "IsGroupControl": false,
            "IsLocked": false,
            "LayoutName": "",
            "MetaDataIDKey": "",
            "Name": "galleryTemplate1_2",
            "Parent": "galBottomBar",
            "PersistMetaDataIDKey": false,
            "PublishOrderIndex": 1749,
            "Rules": [
              {
                "Category": "Design",
                "InvariantScript": "RGBA(0, 0, 0, 0)",
                "Property": "TemplateFill",
                "RuleProviderType": "Unknown"
              },
              {
                "Category": "Behavior",
                "InvariantScript": "Navigate(ThisItem.Screen)",
                "Property": "OnSelect",
                "RuleProviderType": "Unknown"
              }
            ],
            "StyleName": "",
            "Template": {
              "CustomGroupControlTemplateName": "",
              "FirstParty": true,
              "Id": "http://microsoft.com/appmagic/galleryTemplate",
              "IsComponentDefinition": false,
              "IsCustomGroupControlTemplate": false,
              "IsPremiumPcfControl": false,
              "LastModifiedTimestamp": "0",
              "Name": "galleryTemplate",
              "OverridableProperties": {},
              "Version": "1.0"
            },
            "Type": "ControlInfo",
            "VariantName": ""
          },
          {
            "AllowAccessToGlobals": true,
            "Children": [],
            "ControlPropertyState": [
              {
                "AFDDataSourceName": "",
                "AutoRuleBindingEnabled": false,
                "AutoRuleBindingString": "RGBA(56, 96, 178, 1)",
                "InvariantPropertyName": "Fill",
                "IsLockable": false,
                "NameMapSourceSchema": "?"
              },
              "DisabledFill",
              "PressedFill",
              "HoverFill",
              "BorderColor",
              "BorderStyle",
              "FocusedBorderColor",
              "DisplayMode",
              "X",
              {
                "AFDDataSourceName": "",
                "AutoRuleBindingEnabled": false,
                "AutoRuleBindingString": "",
                "InvariantPropertyName": "Y",
                "IsLockable": false,
                "NameMapSourceSchema": "?"
              },
              {
                "AFDDataSourceName": "",
                "AutoRuleBindingEnabled": false,
                "AutoRuleBindingString": "",
                "InvariantPropertyName": "Width",
                "IsLockable": false,
                "NameMapSourceSchema": "?"
              },
              {
                "AFDDataSourceName": "",
                "AutoRuleBindingEnabled": false,
                "AutoRuleBindingString": "",
                "InvariantPropertyName": "Height",
                "IsLockable": false,
                "NameMapSourceSchema": "?"
              },
              "OnSelect",
              "ZIndex",
              "BorderThickness",
              {
                "AFDDataSourceName": "",
                "AutoRuleBindingEnabled": false,
                "AutoRuleBindingString": "true",
                "InvariantPropertyName": "Visible",
                "IsLockable": false,
                "NameMapSourceSchema": "?"
              }
            ],
            "ControlUniqueId": "35",
            "HasDynamicProperties": false,
            "Index": 0,
            "IsAutoGenerated": false,
            "IsDataControl": false,
            "IsFromScreenLayout": false,
            "IsGroupControl": false,
            "IsLocked": false,
            "LayoutName": "",
            "MetaDataIDKey": "",
            "Name": "shpCircleGalBottomBar",
            "Parent": "galBottomBar",
            "PersistMetaDataIDKey": false,
            "PublishOrderIndex": 1750,
            "Rules": [
              {
                "Category": "Design",
                "InvariantScript": "RGBA(0, 18, 107, 1)",
                "Property": "BorderColor",
                "RuleProviderType": "Unknown"
              },
              {
                "Category": "Design",
                "InvariantScript": "BorderStyle.Solid",
                "Property": "BorderStyle",
                "RuleProviderType": "Unknown"
              },
              {
                "Category": "Design",
                "InvariantScript": "2",
                "Property": "ZIndex",
                "RuleProviderType": "Unknown"
              },
              {
                "Category": "Design",
                "InvariantScript": "DisplayMode.Edit",
                "Property": "DisplayMode",
                "RuleProviderType": "Unknown"
              },
              {
                "Category": "Design",
                "InvariantScript": "28",
                "Property": "X",
                "RuleProviderType": "Unknown"
              },
              {
                "Category": "Design",
                "InvariantScript": "65",
                "Property": "Height",
                "RuleProviderType": "Unknown"
              },
              {
                "Category": "Design",
                "InvariantScript": "0",
                "Property": "Y",
                "RuleProviderType": "Unknown"
              },
              {
                "Category": "Design",
                "InvariantScript": "65",
                "Property": "Width",
                "RuleProviderType": "Unknown"
              },
              {
                "Category": "Design",
                "InvariantScript": "Self.BorderColor",
                "Property": "FocusedBorderColor",
                "RuleProviderType": "Unknown"
              },
              {
                "Category": "Design",
                "InvariantScript": "Self.Fill",
                "Property": "HoverFill",
                "RuleProviderType": "Unknown"
              },
              {
                "Category": "Design",
                "InvariantScript": "If(ThisItem.Active, true, false)\r\n//If(ThisItem.Active, true, false)",
                "Property": "Visible",
                "RuleProviderType": "Unknown"
              },
              {
                "Category": "Design",
                "InvariantScript": "_VarGblAppColors.BisleriBlue",
                "Property": "Fill",
                "RuleProviderType": "Unknown"
              },
              {
                "Category": "Design",
                "InvariantScript": "0",
                "Property": "BorderThickness",
                "RuleProviderType": "Unknown"
              },
              {
                "Category": "Design",
                "InvariantScript": "Self.Fill",
                "Property": "PressedFill",
                "RuleProviderType": "Unknown"
              },
              {
                "Category": "Design",
                "InvariantScript": "Self.Fill",
                "Property": "DisabledFill",
                "RuleProviderType": "Unknown"
              },
              {
                "Category": "Behavior",
                "InvariantScript": "Select(Parent)",
                "Property": "OnSelect",
                "RuleProviderType": "Unknown"
              }
            ],
            "StyleName": "defaultCircleStyle",
            "Template": {
              "CustomGroupControlTemplateName": "",
              "FirstParty": true,
              "Id": "http://microsoft.com/appmagic/shapes/circle",
              "IsComponentDefinition": false,
              "IsCustomGroupControlTemplate": false,
              "IsPremiumPcfControl": false,
              "LastModifiedTimestamp": "0",
              "Name": "circle",
              "OverridableProperties": {},
              "Version": "2.3.0"
            },
            "Type": "ControlInfo",
            "VariantName": ""
          },
          {
            "AllowAccessToGlobals": true,
            "Children": [],
            "ControlPropertyState": [
              {
                "AFDDataSourceName": "",
                "AutoRuleBindingEnabled": false,
                "AutoRuleBindingString": "Icon.Printing3D",
                "InvariantPropertyName": "Icon",
                "IsLockable": false,
                "NameMapSourceSchema": "?"
              },
              {
                "AFDDataSourceName": "",
                "AutoRuleBindingEnabled": false,
                "AutoRuleBindingString": "RGBA(0, 18, 107, 1)",
                "InvariantPropertyName": "Color",
                "IsLockable": false,
                "NameMapSourceSchema": "?"
              },
              "DisabledColor",
              "PressedColor",
              "HoverColor",
              "Fill",
              "DisabledFill",
              "PressedFill",
              "HoverFill",
              "DisplayMode",
              {
                "AFDDataSourceName": "",
                "AutoRuleBindingEnabled": false,
                "AutoRuleBindingString": "",
                "InvariantPropertyName": "X",
                "IsLockable": false,
                "NameMapSourceSchema": "?"
              },
              {
                "AFDDataSourceName": "",
                "AutoRuleBindingEnabled": false,
                "AutoRuleBindingString": "22",
                "InvariantPropertyName": "Y",
                "IsLockable": false,
                "NameMapSourceSchema": "?"
              },
              {
                "AFDDataSourceName": "",
                "AutoRuleBindingEnabled": false,
                "AutoRuleBindingString": "",
                "InvariantPropertyName": "Width",
                "IsLockable": false,
                "NameMapSourceSchema": "?"
              },
              {
                "AFDDataSourceName": "",
                "AutoRuleBindingEnabled": false,
                "AutoRuleBindingString": "",
                "InvariantPropertyName": "Height",
                "IsLockable": false,
                "NameMapSourceSchema": "?"
              },
              "BorderStyle",
              "BorderColor",
              "DisabledBorderColor",
              "PressedBorderColor",
              "HoverBorderColor",
              {
                "AFDDataSourceName": "",
                "AutoRuleBindingEnabled": false,
                "AutoRuleBindingString": "Self.BorderColor",
                "InvariantPropertyName": "FocusedBorderColor",
                "IsLockable": false,
                "NameMapSourceSchema": "?"
              },
              {
                "AFDDataSourceName": "",
                "AutoRuleBindingEnabled": false,
                "AutoRuleBindingString": "Select(Parent)",
                "InvariantPropertyName": "OnSelect",
                "IsLockable": false,
                "NameMapSourceSchema": "?"
              },
              "ZIndex",
              "BorderThickness",
              {
                "AFDDataSourceName": "",
                "AutoRuleBindingEnabled": false,
                "AutoRuleBindingString": "2",
                "InvariantPropertyName": "FocusedBorderThickness",
                "IsLockable": false,
                "NameMapSourceSchema": "?"
              },
              {
                "AFDDataSourceName": "",
                "AutoRuleBindingEnabled": false,
                "AutoRuleBindingString": "\"\"",
                "InvariantPropertyName": "AccessibleLabel",
                "IsLockable": false,
                "NameMapSourceSchema": "?"
              },
              {
                "AFDDataSourceName": "",
                "AutoRuleBindingEnabled": false,
                "AutoRuleBindingString": "-1",
                "InvariantPropertyName": "TabIndex",
                "IsLockable": false,
                "NameMapSourceSchema": "?"
              }
            ],
            "ControlUniqueId": "36",
            "HasDynamicProperties": false,
            "Index": 0,
            "IsAutoGenerated": false,
            "IsDataControl": false,
            "IsFromScreenLayout": false,
            "IsGroupControl": false,
            "IsLocked": false,
            "LayoutName": "",
            "MetaDataIDKey": "",
            "Name": "icoGalBottomBar",
            "Parent": "galBottomBar",
            "PersistMetaDataIDKey": false,
            "PublishOrderIndex": 1751,
            "Rules": [
              {
                "Category": "Data",
                "InvariantScript": "\"icnStart\"",
                "Property": "AccessibleLabel",
                "RuleProviderType": "Unknown"
              },
              {
                "Category": "Design",
                "InvariantScript": "RGBA(0, 0, 0, 0)",
                "Property": "Fill",
                "RuleProviderType": "Unknown"
              },
              {
                "Category": "Design",
                "InvariantScript": "If(ThisItem.Active, 30, 25)",
                "Property": "Height",
                "RuleProviderType": "Unknown"
              },
              {
                "Category": "Design",
                "InvariantScript": "If(ThisItem.Active, 35, 25)",
                "Property": "Width",
                "RuleProviderType": "Unknown"
              },
              {
                "Category": "Design",
                "InvariantScript": "If(ThisItem.Active, 17, 35)",
                "Property": "Y",
                "RuleProviderType": "Unknown"
              },
              {
                "Category": "Design",
                "InvariantScript": "RGBA(166, 166, 166, 1)",
                "Property": "DisabledBorderColor",
                "RuleProviderType": "Unknown"
              },
              {
                "Category": "Design",
                "InvariantScript": "RGBA(0, 18, 107, 1)",
                "Property": "BorderColor",
                "RuleProviderType": "Unknown"
              },
              {
                "Category": "Design",
                "InvariantScript": "DisplayMode.Edit",
                "Property": "DisplayMode",
                "RuleProviderType": "Unknown"
              },
              {
                "Category": "Design",
                "InvariantScript": "BorderStyle.Solid",
                "Property": "BorderStyle",
                "RuleProviderType": "Unknown"
              },
              {
                "Category": "Design",
                "InvariantScript": "If(\r\n    ThisItem.Active = true,\r\n    43,\r\n    47\r\n)",
                "Property": "X",
                "RuleProviderType": "Unknown"
              },
              {
                "Category": "Design",
                "InvariantScript": "Color.Transparent",
                "Property": "FocusedBorderColor",
                "RuleProviderType": "Unknown"
              },
              {
                "Category": "Design",
                "InvariantScript": "Color.Transparent",
                "Property": "HoverBorderColor",
                "RuleProviderType": "Unknown"
              },
              {
                "Category": "Design",
                "InvariantScript": "Color.Transparent",
                "Property": "PressedBorderColor",
                "RuleProviderType": "Unknown"
              },
              {
                "Category": "Design",
                "InvariantScript": "Self.Fill",
                "Property": "HoverFill",
                "RuleProviderType": "Unknown"
              },
              {
                "Category": "Design",
                "InvariantScript": "RGBA(244, 244, 244, 1)",
                "Property": "DisabledColor",
                "RuleProviderType": "Unknown"
              },
              {
                "Category": "Design",
                "InvariantScript": "If(ThisItem.Active, _VarGblAppColors.LightText, _VarGblAppColors.PrimaryBg)",
                "Property": "Color",
                "RuleProviderType": "Unknown"
              },
              {
                "Category": "Design",
                "InvariantScript": "3",
                "Property": "ZIndex",
                "RuleProviderType": "Unknown"
              },
              {
                "Category": "Design",
                "InvariantScript": "Self.Fill",
                "Property": "PressedFill",
                "RuleProviderType": "Unknown"
              },
              {
                "Category": "Design",
                "InvariantScript": "Self.Fill",
                "Property": "DisabledFill",
                "RuleProviderType": "Unknown"
              },
              {
                "Category": "Design",
                "InvariantScript": "0",
                "Property": "BorderThickness",
                "RuleProviderType": "Unknown"
              },
              {
                "Category": "Design",
                "InvariantScript": "0.1",
                "Property": "FocusedBorderThickness",
                "RuleProviderType": "Unknown"
              },
              {
                "Category": "Design",
                "InvariantScript": "ThisItem.Icon",
                "Property": "Icon",
                "RuleProviderType": "Unknown"
              },
              {
                "Category": "Design",
                "InvariantScript": "0",
                "Property": "TabIndex",
                "RuleProviderType": "Unknown"
              },
              {
                "Category": "Design",
                "InvariantScript": "ColorFade(Self.Color, 20%)",
                "Property": "HoverColor",
                "RuleProviderType": "Unknown"
              },
              {
                "Category": "Design",
                "InvariantScript": "ColorFade(Self.Color, -20%)",
                "Property": "PressedColor",
                "RuleProviderType": "Unknown"
              },
              {
                "Category": "Behavior",
                "InvariantScript": "Navigate(ThisItem.Screen)",
                "Property": "OnSelect",
                "RuleProviderType": "Unknown"
              }
            ],
            "StyleName": "defaultIconStyle",
            "Template": {
              "CustomGroupControlTemplateName": "",
              "FirstParty": true,
              "Id": "http://microsoft.com/appmagic/icon",
              "IsComponentDefinition": false,
              "IsCustomGroupControlTemplate": false,
              "IsPremiumPcfControl": false,
              "LastModifiedTimestamp": "0",
              "Name": "icon",
              "OverridableProperties": {},
              "Version": "2.5.0"
            },
            "Type": "ControlInfo",
            "VariantName": "3DPrinting"
          },
          {
            "AllowAccessToGlobals": true,
            "Children": [],
            "ControlPropertyState": [
              "Live",
              "Overflow",
              {
                "AFDDataSourceName": "",
                "AutoRuleBindingEnabled": false,
                "AutoRuleBindingString": "ThisItem.Icon",
                "InvariantPropertyName": "Text",
                "IsLockable": false,
                "NameMapSourceSchema": "?"
              },
              "Role",
              {
                "AFDDataSourceName": "",
                "AutoRuleBindingEnabled": false,
                "AutoRuleBindingString": "RGBA(0, 0, 0, 1)",
                "InvariantPropertyName": "Color",
                "IsLockable": false,
                "NameMapSourceSchema": "?"
              },
              "DisabledColor",
              "PressedColor",
              "HoverColor",
              "BorderColor",
              "DisabledBorderColor",
              {
                "AFDDataSourceName": "",
                "AutoRuleBindingEnabled": false,
                "AutoRuleBindingString": "Self.BorderColor",
                "InvariantPropertyName": "PressedBorderColor",
                "IsLockable": false,
                "NameMapSourceSchema": "?"
              },
              "HoverBorderColor",
              "BorderStyle",
              {
                "AFDDataSourceName": "",
                "AutoRuleBindingEnabled": false,
                "AutoRuleBindingString": "Self.BorderColor",
                "InvariantPropertyName": "FocusedBorderColor",
                "IsLockable": false,
                "NameMapSourceSchema": "?"
              },
              "Fill",
              "DisabledFill",
              "PressedFill",
              "HoverFill",
              "Font",
              {
                "AFDDataSourceName": "",
                "AutoRuleBindingEnabled": false,
                "AutoRuleBindingString": "FontWeight.Normal",
                "InvariantPropertyName": "FontWeight",
                "IsLockable": false,
                "NameMapSourceSchema": "?"
              },
              {
                "AFDDataSourceName": "",
                "AutoRuleBindingEnabled": false,
                "AutoRuleBindingString": "",
                "InvariantPropertyName": "Align",
                "IsLockable": false,
                "NameMapSourceSchema": "?"
              },
              "VerticalAlign",
              "X",
              "Y",
              "Width",
              "Height",
              "DisplayMode",
              {
                "AFDDataSourceName": "",
                "AutoRuleBindingEnabled": false,
                "AutoRuleBindingString": "Select(Parent)",
                "InvariantPropertyName": "OnSelect",
                "IsLockable": false,
                "NameMapSourceSchema": "?"
              },
              "ZIndex",
              "LineHeight",
              "BorderThickness",
              {
                "AFDDataSourceName": "",
                "AutoRuleBindingEnabled": false,
                "AutoRuleBindingString": "0",
                "InvariantPropertyName": "FocusedBorderThickness",
                "IsLockable": false,
                "NameMapSourceSchema": "?"
              },
              {
                "AFDDataSourceName": "",
                "AutoRuleBindingEnabled": false,
                "AutoRuleBindingString": "21",
                "InvariantPropertyName": "Size",
                "IsLockable": false,
                "NameMapSourceSchema": "?"
              },
              "Italic",
              "Underline",
              "Strikethrough",
              "PaddingTop",
              "PaddingRight",
              "PaddingBottom",
              "PaddingLeft",
              {
                "AFDDataSourceName": "",
                "AutoRuleBindingEnabled": false,
                "AutoRuleBindingString": "-1",
                "InvariantPropertyName": "TabIndex",
                "IsLockable": false,
                "NameMapSourceSchema": "?"
              }
            ],
            "ControlUniqueId": "37",
            "HasDynamicProperties": false,
            "Index": 0,
            "IsAutoGenerated": false,
            "IsDataControl": false,
            "IsFromScreenLayout": false,
            "IsGroupControl": false,
            "IsLocked": false,
            "LayoutName": "",
            "MetaDataIDKey": "",
            "Name": "lblGalBottomBar",
            "Parent": "galBottomBar",
            "PersistMetaDataIDKey": false,
            "PublishOrderIndex": 1752,
            "Rules": [
              {
                "Category": "Data",
                "InvariantScript": "Live.Off",
                "Property": "Live",
                "RuleProviderType": "Unknown"
              },
              {
                "Category": "Data",
                "InvariantScript": "TextRole.Default",
                "Property": "Role",
                "RuleProviderType": "Unknown"
              },
              {
                "Category": "Data",
                "InvariantScript": "ThisItem.Title",
                "Property": "Text",
                "RuleProviderType": "Unknown"
              },
              {
                "Category": "Design",
                "InvariantScript": "BorderStyle.Solid",
                "Property": "BorderStyle",
                "RuleProviderType": "Unknown"
              },
              {
                "Category": "Design",
                "InvariantScript": "RGBA(0, 0, 0, 0)",
                "Property": "Fill",
                "RuleProviderType": "Unknown"
              },
              {
                "Category": "Design",
                "InvariantScript": "RGBA(0, 0, 0, 0)",
                "Property": "DisabledFill",
                "RuleProviderType": "Unknown"
              },
              {
                "Category": "Design",
                "InvariantScript": "Font.'Open Sans'",
                "Property": "Font",
                "RuleProviderType": "Unknown"
              },
              {
                "Category": "Design",
                "InvariantScript": "If(ThisItem.Active, _VarGblAppColors.HeaderBg, _VarGblAppColors.PrimaryBg)",
                "Property": "Color",
                "RuleProviderType": "Unknown"
              },
              {
                "Category": "Design",
                "InvariantScript": "Align.Center",
                "Property": "Align",
                "RuleProviderType": "Unknown"
              },
              {
                "Category": "Design",
                "InvariantScript": "VerticalAlign.Middle",
                "Property": "VerticalAlign",
                "RuleProviderType": "Unknown"
              },
              {
                "Category": "Design",
                "InvariantScript": "5",
                "Property": "PaddingLeft",
                "RuleProviderType": "Unknown"
              },
              {
                "Category": "Design",
                "InvariantScript": "0",
                "Property": "X",
                "RuleProviderType": "Unknown"
              },
              {
                "Category": "Design",
                "InvariantScript": "68",
                "Property": "Y",
                "RuleProviderType": "Unknown"
              },
              {
                "Category": "Design",
                "InvariantScript": "5",
                "Property": "PaddingBottom",
                "RuleProviderType": "Unknown"
              },
              {
                "Category": "Design",
                "InvariantScript": "122",
                "Property": "Width",
                "RuleProviderType": "Unknown"
              },
              {
                "Category": "Design",
                "InvariantScript": "5",
                "Property": "PaddingRight",
                "RuleProviderType": "Unknown"
              },
              {
                "Category": "Design",
                "InvariantScript": "5",
                "Property": "PaddingTop",
                "RuleProviderType": "Unknown"
              },
              {
                "Category": "Design",
                "InvariantScript": "27",
                "Property": "Height",
                "RuleProviderType": "Unknown"
              },
              {
                "Category": "Design",
                "InvariantScript": "DisplayMode.Edit",
                "Property": "DisplayMode",
                "RuleProviderType": "Unknown"
              },
              {
                "Category": "Design",
                "InvariantScript": "false",
                "Property": "Strikethrough",
                "RuleProviderType": "Unknown"
              },
              {
                "Category": "Design",
                "InvariantScript": "false",
                "Property": "Underline",
                "RuleProviderType": "Unknown"
              },
              {
                "Category": "Design",
                "InvariantScript": "1",
                "Property": "ZIndex",
                "RuleProviderType": "Unknown"
              },
              {
                "Category": "Design",
                "InvariantScript": "1.2",
                "Property": "LineHeight",
                "RuleProviderType": "Unknown"
              },
              {
                "Category": "Design",
                "InvariantScript": "0",
                "Property": "BorderThickness",
                "RuleProviderType": "Unknown"
              },
              {
                "Category": "Design",
                "InvariantScript": "0.5",
                "Property": "FocusedBorderThickness",
                "RuleProviderType": "Unknown"
              },
              {
                "Category": "Design",
                "InvariantScript": "_VarGblAppFonts.Size.Regular",
                "Property": "Size",
                "RuleProviderType": "Unknown"
              },
              {
                "Category": "Design",
                "InvariantScript": "false",
                "Property": "Italic",
                "RuleProviderType": "Unknown"
              },
              {
                "Category": "Design",
                "InvariantScript": "Self.Fill",
                "Property": "HoverFill",
                "RuleProviderType": "Unknown"
              },
              {
                "Category": "Design",
                "InvariantScript": "Self.Fill",
                "Property": "PressedFill",
                "RuleProviderType": "Unknown"
              },
              {
                "Category": "Design",
                "InvariantScript": "Color.Transparent",
                "Property": "FocusedBorderColor",
                "RuleProviderType": "Unknown"
              },
              {
                "Category": "Design",
                "InvariantScript": "Color.Transparent",
                "Property": "HoverBorderColor",
                "RuleProviderType": "Unknown"
              },
              {
                "Category": "Design",
                "InvariantScript": "Color.Transparent",
                "Property": "PressedBorderColor",
                "RuleProviderType": "Unknown"
              },
              {
                "Category": "Design",
                "InvariantScript": "RGBA(56, 56, 56, 1)",
                "Property": "DisabledBorderColor",
                "RuleProviderType": "Unknown"
              },
              {
                "Category": "Design",
                "InvariantScript": "RGBA(0, 18, 107, 1)",
                "Property": "BorderColor",
                "RuleProviderType": "Unknown"
              },
              {
                "Category": "Design",
                "InvariantScript": "RGBA(166, 166, 166, 1)",
                "Property": "DisabledColor",
                "RuleProviderType": "Unknown"
              },
              {
                "Category": "Design",
                "InvariantScript": "//FontWeight.Normal\r\nIf(ThisItem.Active, FontWeight.Semibold, FontWeight.Normal)",
                "Property": "FontWeight",
                "RuleProviderType": "Unknown"
              },
              {
                "Category": "Design",
                "InvariantScript": "Overflow.Hidden",
                "Property": "Overflow",
                "RuleProviderType": "Unknown"
              },
              {
                "Category": "Design",
                "InvariantScript": "0",
                "Property": "TabIndex",
                "RuleProviderType": "Unknown"
              },
              {
                "Category": "Design",
                "InvariantScript": "Self.Color",
                "Property": "HoverColor",
                "RuleProviderType": "Unknown"
              },
              {
                "Category": "Design",
                "InvariantScript": "Self.Color",
                "Property": "PressedColor",
                "RuleProviderType": "Unknown"
              },
              {
                "Category": "Behavior",
                "InvariantScript": "Navigate(ThisItem.Screen)",
                "Property": "OnSelect",
                "RuleProviderType": "Unknown"
              }
            ],
            "StyleName": "defaultLabelStyle",
            "Template": {
              "CustomGroupControlTemplateName": "",
              "FirstParty": true,
              "Id": "http://microsoft.com/appmagic/label",
              "IsComponentDefinition": false,
              "IsCustomGroupControlTemplate": false,
              "IsPremiumPcfControl": false,
              "LastModifiedTimestamp": "0",
              "Name": "label",
              "OverridableProperties": {},
              "Version": "2.5.1"
            },
            "Type": "ControlInfo",
            "VariantName": ""
          }
        ],
        "ControlPropertyState": [
          {
            "AFDDataSourceName": "",
            "AutoRuleBindingEnabled": false,
            "AutoRuleBindingString": "CustomGallerySample",
            "InvariantPropertyName": "Items",
            "IsLockable": false,
            "NameMapSourceSchema": "?"
          },
          "TemplateSize",
          "TemplatePadding",
          "Layout",
          "Transition",
          "LoadingSpinner",
          "LoadingSpinnerColor",
          "DisplayMode",
          {
            "AFDDataSourceName": "",
            "AutoRuleBindingEnabled": false,
            "AutoRuleBindingString": "RGBA(0, 18, 107, 1)",
            "InvariantPropertyName": "BorderColor",
            "IsLockable": false,
            "NameMapSourceSchema": "?"
          },
          "DisabledBorderColor",
          "PressedBorderColor",
          "HoverBorderColor",
          "BorderStyle",
          {
            "AFDDataSourceName": "",
            "AutoRuleBindingEnabled": false,
            "AutoRuleBindingString": "Self.BorderColor",
            "InvariantPropertyName": "FocusedBorderColor",
            "IsLockable": false,
            "NameMapSourceSchema": "?"
          },
          "Fill",
          "DisabledFill",
          "PressedFill",
          "HoverFill",
          "X",
          "Y",
          "Width",
          {
            "AFDDataSourceName": "",
            "AutoRuleBindingEnabled": false,
            "AutoRuleBindingString": "",
            "InvariantPropertyName": "Height",
            "IsLockable": false,
            "NameMapSourceSchema": "?"
          },
          "ZIndex",
          {
            "AFDDataSourceName": "",
            "AutoRuleBindingEnabled": false,
            "AutoRuleBindingString": "",
            "InvariantPropertyName": "ShowScrollbar",
            "IsLockable": false,
            "NameMapSourceSchema": "?"
          },
          {
            "AFDDataSourceName": "",
            "AutoRuleBindingEnabled": false,
            "AutoRuleBindingString": "\"\"",
            "InvariantPropertyName": "AccessibleLabel",
            "IsLockable": false,
            "NameMapSourceSchema": "?"
          },
          {
            "AFDDataSourceName": "",
            "AutoRuleBindingEnabled": false,
            "AutoRuleBindingString": "-1",
            "InvariantPropertyName": "TabIndex",
            "IsLockable": false,
            "NameMapSourceSchema": "?"
          },
          {
            "AFDDataSourceName": "",
            "AutoRuleBindingEnabled": false,
            "AutoRuleBindingString": "4",
            "InvariantPropertyName": "FocusedBorderThickness",
            "IsLockable": false,
            "NameMapSourceSchema": "?"
          }
        ],
        "ControlUniqueId": "33",
        "HasDynamicProperties": false,
        "Index": 0,
        "IsAutoGenerated": false,
        "IsDataControl": false,
        "IsFromScreenLayout": false,
        "IsGroupControl": false,
        "IsLocked": false,
        "LayoutName": "",
        "MetaDataIDKey": "",
        "Name": "galBottomBar",
        "Parent": "BottomBar",
        "PersistMetaDataIDKey": false,
        "PublishOrderIndex": 1748,
        "Rules": [
          {
            "Category": "Data",
            "InvariantScript": "BottomBar.NavItem",
            "Property": "Items",
            "RuleProviderType": "Unknown"
          },
          {
            "Category": "Data",
            "InvariantScript": "\"galBottomBar\"",
            "Property": "AccessibleLabel",
            "RuleProviderType": "Unknown"
          },
          {
            "Category": "Design",
            "InvariantScript": "_VarGblAppColors.BisleriBlue",
            "Property": "BorderColor",
            "RuleProviderType": "Unknown"
          },
          {
            "Category": "Design",
            "InvariantScript": "DisplayMode.Edit",
            "Property": "DisplayMode",
            "RuleProviderType": "Unknown"
          },
          {
            "Category": "Design",
            "InvariantScript": "LoadingSpinner.None",
            "Property": "LoadingSpinner",
            "RuleProviderType": "Unknown"
          },
          {
            "Category": "Design",
            "InvariantScript": "Transition.None",
            "Property": "Transition",
            "RuleProviderType": "Unknown"
          },
          {
            "Category": "Design",
            "InvariantScript": "Layout.Horizontal",
            "Property": "Layout",
            "RuleProviderType": "Unknown"
          },
          {
            "Category": "Design",
            "InvariantScript": "5",
            "Property": "TemplatePadding",
            "RuleProviderType": "Unknown"
          },
          {
            "Category": "Design",
            "InvariantScript": "false",
            "Property": "ShowScrollbar",
            "RuleProviderType": "Unknown"
          },
          {
            "Category": "Design",
            "InvariantScript": "122",
            "Property": "TemplateSize",
            "RuleProviderType": "Unknown"
          },
          {
            "Category": "Design",
            "InvariantScript": "2",
            "Property": "ZIndex",
            "RuleProviderType": "Unknown"
          },
          {
            "Category": "Design",
            "InvariantScript": "110",
            "Property": "Height",
            "RuleProviderType": "Unknown"
          },
          {
            "Category": "Design",
            "InvariantScript": "640",
            "Property": "Width",
            "RuleProviderType": "Unknown"
          },
          {
            "Category": "Design",
            "InvariantScript": "Self.Fill",
            "Property": "HoverFill",
            "RuleProviderType": "Unknown"
          },
          {
            "Category": "Design",
            "InvariantScript": "0",
            "Property": "Y",
            "RuleProviderType": "Unknown"
          },
          {
            "Category": "Design",
            "InvariantScript": "Self.Fill",
            "Property": "PressedFill",
            "RuleProviderType": "Unknown"
          },
          {
            "Category": "Design",
            "InvariantScript": "0",
            "Property": "X",
            "RuleProviderType": "Unknown"
          },
          {
            "Category": "Design",
            "InvariantScript": "RGBA(0, 0, 0, 0)",
            "Property": "Fill",
            "RuleProviderType": "Unknown"
          },
          {
            "Category": "Design",
            "InvariantScript": "BorderStyle.Solid",
            "Property": "BorderStyle",
            "RuleProviderType": "Unknown"
          },
          {
            "Category": "Design",
            "InvariantScript": "Self.Fill",
            "Property": "DisabledFill",
            "RuleProviderType": "Unknown"
          },
          {
            "Category": "Design",
            "InvariantScript": "Color.Transparent",
            "Property": "FocusedBorderColor",
            "RuleProviderType": "Unknown"
          },
          {
            "Category": "Design",
            "InvariantScript": "Self.BorderColor",
            "Property": "HoverBorderColor",
            "RuleProviderType": "Unknown"
          },
          {
            "Category": "Design",
            "InvariantScript": "Self.BorderColor",
            "Property": "PressedBorderColor",
            "RuleProviderType": "Unknown"
          },
          {
            "Category": "Design",
            "InvariantScript": "Self.BorderColor",
            "Property": "DisabledBorderColor",
            "RuleProviderType": "Unknown"
          },
          {
            "Category": "Design",
            "InvariantScript": "Self.BorderColor",
            "Property": "LoadingSpinnerColor",
            "RuleProviderType": "Unknown"
          },
          {
            "Category": "Design",
            "InvariantScript": "0",
            "Property": "TabIndex",
            "RuleProviderType": "Unknown"
          },
          {
            "Category": "Design",
            "InvariantScript": "0.1",
            "Property": "FocusedBorderThickness",
            "RuleProviderType": "Unknown"
          }
        ],
        "StyleName": "defaultGalleryStyle",
        "Template": {
          "CustomGroupControlTemplateName": "",
          "FirstParty": true,
          "Id": "http://microsoft.com/appmagic/gallery",
          "IsComponentDefinition": false,
          "IsCustomGroupControlTemplate": false,
          "IsPremiumPcfControl": false,
          "LastModifiedTimestamp": "0",
          "Name": "gallery",
          "OverridableProperties": {},
          "Version": "2.13.2"
        },
        "Type": "ControlInfo",
        "VariantName": "galleryHorizontal"
      }
    ],
    "ControlPropertyState": [
      {
        "AFDDataSourceName": "",
        "AutoRuleBindingEnabled": false,
        "AutoRuleBindingString": "",
        "InvariantPropertyName": "Fill",
        "IsLockable": false,
        "NameMapSourceSchema": "?"
      },
      {
        "AFDDataSourceName": "",
        "AutoRuleBindingEnabled": false,
        "AutoRuleBindingString": "",
        "InvariantPropertyName": "Height",
        "IsLockable": false,
        "NameMapSourceSchema": "?"
      },
      {
        "AFDDataSourceName": "",
        "AutoRuleBindingEnabled": false,
        "AutoRuleBindingString": "640",
        "InvariantPropertyName": "Width",
        "IsLockable": false,
        "NameMapSourceSchema": "?"
      },
      "X",
      "Y",
      "ZIndex",
      {
        "AFDDataSourceName": "",
        "AutoRuleBindingEnabled": false,
        "AutoRuleBindingString": "Table(\r\n    {\r\n        Title: If(\r\n            CountRows(colOfflineTodayAttendance)=0,\r\n            \"Start\",\r\n            (CountRows(colOfflineTodayAttendance) = 1 && !IsBlank(First(colOfflineTodayAttendance).'Check-in Time') && IsBlank(First(colOfflineTodayAttendance).'Check-out Time') ),\r\n            \"End\",\r\n            (CountRows(colOfflineTodayAttendance) = 1 && !IsBlank(First(colOfflineTodayAttendance).'Check-in Time') && !IsBlank(First(colOfflineTodayAttendance).'Check-out Time')),\r\n            \"Ended\"\r\n        ),\r\n        Icon: Icon.CalendarBlank,\r\n        Screen: 'Attendance Screen',\r\n        Active: true\r\n    },\r\n    {\r\n        Title: \"Visit\",\r\n        Icon: Icon.Waypoint,\r\n        Screen: 'Visit Screen'\r\n    },\r\n    {\r\n        Title: \"Dashboard\",\r\n        Icon: Icon.Waffle,\r\n        Screen: 'Home Screen'\r\n    },\r\n    {\r\n        Title: \"Party\",\r\n        Icon: Icon.People,\r\n        Screen: 'Customer Screen'\r\n    },\r\n    {\r\n        Title: \"Menu\",\r\n        Icon: Icon.Hamburger,\r\n        Screen: 'Menu Screen'\r\n    }\r\n)",
        "InvariantPropertyName": "NavItem",
        "IsLockable": false,
        "NameMapSourceSchema": "?"
      }
    ],
    "LastModifiedTimestamp": "638150143825898214",
    "Name": "BottomBar",
    "Rules": [
      {
        "Category": "Data",
        "InvariantScript": "Table(\r\n    {\r\n        Title: If(\r\n            CountRows(colOfflineTodayAttendance)=0,\r\n            \"Start\",\r\n            (CountRows(colOfflineTodayAttendance) = 1 && !IsBlank(First(colOfflineTodayAttendance).'Check-in Time') && IsBlank(First(colOfflineTodayAttendance).'Check-out Time') ),\r\n            \"End\",\r\n            (CountRows(colOfflineTodayAttendance) = 1 && !IsBlank(First(colOfflineTodayAttendance).'Check-in Time') && !IsBlank(First(colOfflineTodayAttendance).'Check-out Time')),\r\n            \"Ended\"\r\n        ),\r\n        Icon: Icon.CalendarBlank,\r\n        Screen: 'Attendance Screen',\r\n        Active: false\r\n    },\r\n    {\r\n        Title: \"Visit\",\r\n        Icon: Icon.Waypoint,\r\n        Screen: 'Visit Screen',\r\n        Active: false\r\n    },\r\n    {\r\n        Title: \"Dashboard\",\r\n        Icon: Icon.Waffle,\r\n        Screen: 'Home Screen',\r\n        Active: false\r\n    },\r\n    {\r\n        Title: \"Customers\",\r\n        Icon: Icon.People,\r\n        Screen: 'Customer Screen',\r\n        Active: false\r\n    },\r\n    {\r\n        Title: \"Menu\",\r\n        Icon: Icon.Hamburger,\r\n        Screen: 'Menu Screen',\r\n        Active: true\r\n    }\r\n)",
        "Property": "NavItem",
        "RuleProviderType": "System"
      },
      {
        "Category": "Design",
        "InvariantScript": "RGBA(242, 242, 242, 0)",
        "Property": "Fill",
        "RuleProviderType": "System"
      },
      {
        "Category": "Design",
        "InvariantScript": "110",
        "Property": "Height",
        "RuleProviderType": "Unknown"
      },
      {
        "Category": "Design",
        "InvariantScript": "App.Width",
        "Property": "Width",
        "RuleProviderType": "System"
      },
      {
        "Category": "Design",
        "InvariantScript": "0",
        "Property": "X",
        "RuleProviderType": "Unknown"
      },
      {
        "Category": "Design",
        "InvariantScript": "0",
        "Property": "Y",
        "RuleProviderType": "Unknown"
      },
      {
        "Category": "Design",
        "InvariantScript": "1",
        "Property": "ZIndex",
        "RuleProviderType": "Unknown"
      }
    ]
  },
  "ComponentManifest": {
    "AllowAccessToGlobals": true,
    "AllowCustomization": true,
    "Description": "",
    "Name": "BottomBar",
    "TemplateGuid": "911e49fc39b24298b54148f02d0ae9bd"
  },
  "ComponentType": "CanvasComponent",
  "CustomGroupControlTemplateName": "",
  "CustomProperties": [
    {
      "Category": 0,
      "DisplayName": "NavItem",
      "Hidden": false,
      "Name": "NavItem",
      "PropertyDataTypeKey": "Table",
      "Tooltip": "A custom property",
      "Type": "{\"Version\":\"1.330\",\"Type\":{\"Name\":\"Root\",\"Kind\":\"Table\",\"EnumString\":\"\",\"Type\":[{\"Name\":\"Active\",\"Kind\":\"_MinPrimitive\",\"EnumString\":\"\",\"Type\":[]},{\"Name\":\"Icon\",\"Kind\":\"String\",\"EnumString\":\"\",\"Type\":[]},{\"Name\":\"Screen\",\"Kind\":\"Control\",\"EnumString\":\"\",\"Template\":{\"TemplateName\":\"screen\",\"IsMetaLoc\":false,\"Intangible\":false,\"IsDataLimited\":false,\"ExpandoType\":{\"Version\":\"1.330\",\"Type\":{\"Name\":\"Root\",\"Kind\":\"Record\",\"EnumString\":\"\",\"Type\":[{\"Name\":\"BackgroundImage\",\"Kind\":\"Image\",\"EnumString\":\"\",\"Type\":[]},{\"Name\":\"ContentLanguage\",\"Kind\":\"String\",\"EnumString\":\"\",\"Type\":[]},{\"Name\":\"Fill\",\"Kind\":\"Color\",\"EnumString\":\"\",\"Type\":[]},{\"Name\":\"Height\",\"Kind\":\"Number\",\"EnumString\":\"\",\"Type\":[]},{\"Name\":\"ImagePosition\",\"Kind\":\"Enum\",\"EnumString\":\"%s[Center:\\\"center\\\", Fill:\\\"fill\\\", Fit:\\\"fit\\\", Stretch:\\\"stretch\\\", Tile:\\\"tile\\\"]\",\"Type\":[{\"Name\":\"Center\",\"Kind\":\"String\",\"EnumString\":\"\",\"Type\":[]},{\"Name\":\"Fill\",\"Kind\":\"String\",\"EnumString\":\"\",\"Type\":[]},{\"Name\":\"Fit\",\"Kind\":\"String\",\"EnumString\":\"\",\"Type\":[]},{\"Name\":\"Stretch\",\"Kind\":\"String\",\"EnumString\":\"\",\"Type\":[]},{\"Name\":\"Tile\",\"Kind\":\"String\",\"EnumString\":\"\",\"Type\":[]}]},{\"Name\":\"LoadingSpinner\",\"Kind\":\"Enum\",\"EnumString\":\"%n[Controls:0, Data:1, None:2]\",\"Type\":[{\"Name\":\"Controls\",\"Kind\":\"Number\",\"EnumString\":\"\",\"Type\":[]},{\"Name\":\"Data\",\"Kind\":\"Number\",\"EnumString\":\"\",\"Type\":[]},{\"Name\":\"None\",\"Kind\":\"Number\",\"EnumString\":\"\",\"Type\":[]}]},{\"Name\":\"LoadingSpinnerColor\",\"Kind\":\"Color\",\"EnumString\":\"\",\"Type\":[]},{\"Name\":\"Name\",\"Kind\":\"String\",\"EnumString\":\"\",\"Type\":[]},{\"Name\":\"Orientation\",\"Kind\":\"String\",\"EnumString\":\"\",\"Type\":[]},{\"Name\":\"Printing\",\"Kind\":\"_MinPrimitive\",\"EnumString\":\"\",\"Type\":[]},{\"Name\":\"Size\",\"Kind\":\"Number\",\"EnumString\":\"\",\"Type\":[]},{\"Name\":\"Width\",\"Kind\":\"Number\",\"EnumString\":\"\",\"Type\":[]}]}},\"Properties\":[{\"Name\":\"Fill\",\"InvariantType\":{\"Version\":\"1.330\",\"Type\":{\"Name\":\"Root\",\"Kind\":\"Color\",\"EnumString\":\"\",\"Type\":[]}},\"PropertyRuleCategory\":\"Design\",\"PropertyDisplayName\":\"Fill\"},{\"Name\":\"BackgroundImage\",\"InvariantType\":{\"Version\":\"1.330\",\"Type\":{\"Name\":\"Root\",\"Kind\":\"Image\",\"EnumString\":\"\",\"Type\":[]}},\"PropertyRuleCategory\":\"Data\",\"PropertyDisplayName\":\"Background image\"},{\"Name\":\"ImagePosition\",\"InvariantType\":{\"Version\":\"1.330\",\"Type\":{\"Name\":\"Root\",\"Kind\":\"Enum\",\"EnumString\":\"%s[Center:\\\"center\\\", Fill:\\\"fill\\\", Fit:\\\"fit\\\", Stretch:\\\"stretch\\\", Tile:\\\"tile\\\"]\",\"Type\":[{\"Name\":\"Center\",\"Kind\":\"String\",\"EnumString\":\"\",\"Type\":[]},{\"Name\":\"Fill\",\"Kind\":\"String\",\"EnumString\":\"\",\"Type\":[]},{\"Name\":\"Fit\",\"Kind\":\"String\",\"EnumString\":\"\",\"Type\":[]},{\"Name\":\"Stretch\",\"Kind\":\"String\",\"EnumString\":\"\",\"Type\":[]},{\"Name\":\"Tile\",\"Kind\":\"String\",\"EnumString\":\"\",\"Type\":[]}]}},\"PropertyRuleCategory\":\"Design\",\"PropertyDisplayName\":\"Image position\"},{\"Name\":\"Height\",\"InvariantType\":{\"Version\":\"1.330\",\"Type\":{\"Name\":\"Root\",\"Kind\":\"Number\",\"EnumString\":\"\",\"Type\":[]}},\"PropertyRuleCategory\":\"Design\",\"PropertyDisplayName\":\"Height\"},{\"Name\":\"Width\",\"InvariantType\":{\"Version\":\"1.330\",\"Type\":{\"Name\":\"Root\",\"Kind\":\"Number\",\"EnumString\":\"\",\"Type\":[]}},\"PropertyRuleCategory\":\"Design\",\"PropertyDisplayName\":\"Width\"},{\"Name\":\"Size\",\"InvariantType\":{\"Version\":\"1.330\",\"Type\":{\"Name\":\"Root\",\"Kind\":\"Number\",\"EnumString\":\"\",\"Type\":[]}},\"PropertyRuleCategory\":\"Design\",\"PropertyDisplayName\":\"Size\"},{\"Name\":\"Orientation\",\"InvariantType\":{\"Version\":\"1.330\",\"Type\":{\"Name\":\"Root\",\"Kind\":\"String\",\"EnumString\":\"\",\"Type\":[]}},\"PropertyRuleCategory\":\"Design\",\"PropertyDisplayName\":\"Orientation\"},{\"Name\":\"LoadingSpinner\",\"InvariantType\":{\"Version\":\"1.330\",\"Type\":{\"Name\":\"Root\",\"Kind\":\"Enum\",\"EnumString\":\"%n[Controls:0, Data:1, None:2]\",\"Type\":[{\"Name\":\"Controls\",\"Kind\":\"Number\",\"EnumString\":\"\",\"Type\":[]},{\"Name\":\"Data\",\"Kind\":\"Number\",\"EnumString\":\"\",\"Type\":[]},{\"Name\":\"None\",\"Kind\":\"Number\",\"EnumString\":\"\",\"Type\":[]}]}},\"PropertyRuleCategory\":\"Design\",\"PropertyDisplayName\":\"Loading spinner\"},{\"Name\":\"LoadingSpinnerColor\",\"InvariantType\":{\"Version\":\"1.330\",\"Type\":{\"Name\":\"Root\",\"Kind\":\"Color\",\"EnumString\":\"\",\"Type\":[]}},\"PropertyRuleCategory\":\"Design\",\"PropertyDisplayName\":\"Loading spinner color\"},{\"Name\":\"Name\",\"InvariantType\":{\"Version\":\"1.330\",\"Type\":{\"Name\":\"Root\",\"Kind\":\"String\",\"EnumString\":\"\",\"Type\":[]}},\"PropertyRuleCategory\":\"Design\",\"PropertyDisplayName\":\"Name\"},{\"Name\":\"Printing\",\"InvariantType\":{\"Version\":\"1.330\",\"Type\":{\"Name\":\"Root\",\"Kind\":\"_MinPrimitive\",\"EnumString\":\"\",\"Type\":[]}},\"PropertyRuleCategory\":\"Data\",\"PropertyDisplayName\":\"Printing\"},{\"Name\":\"ContentLanguage\",\"InvariantType\":{\"Version\":\"1.330\",\"Type\":{\"Name\":\"Root\",\"Kind\":\"String\",\"EnumString\":\"\",\"Type\":[]}},\"PropertyRuleCategory\":\"Data\",\"PropertyDisplayName\":\"Content language\"}]}},{\"Name\":\"Title\",\"Kind\":\"String\",\"EnumString\":\"\",\"Type\":[]}]}}"
    }
  ],
  "FirstParty": true,
  "Id": "http://microsoft.com/appmagic/Component",
  "IsComponentLocked": false,
  "IsComponentTemplate": true,
  "IsCustomGroupControlTemplate": false,
  "IsPcfControl": false,
  "IsPremiumPcfControl": false,
  "IsWidgetTemplate": false,
  "LastModifiedTimestamp": "638150143825898214",
  "Name": "911e49fc39b24298b54148f02d0ae9bd",
  "OverridableProperties": {},
  "TemplateOriginalName": "43f8b87ce51a413c8ee8b58d31f17532",
  "Version": "638060921386799430"
}