{
  "ComponentAllowCustomization": true,
  "ComponentChangedSinceFileImport": true,
  "ComponentManifest": {
    "AllowAccessToGlobals": true,
    "AllowCustomization": true,
    "Description": "",
    "Name": "NewOrder_2",
    "TemplateGuid": "e82915f52298423ca6a2bce6d0004b54"
  },
  "ComponentType": "CanvasComponent",
  "CustomGroupControlTemplateName": "",
  "CustomProperties": [
    {
      "Category": 0,
      "DisplayName": "Customer",
      "Hidden": false,
      "Name": "Customer",
      "PropertyDataTypeKey": "Record",
      "Tooltip": "A custom property",
      "Type": "{\"Version\":\"1.330\",\"Type\":{\"Name\":\"Root\",\"Kind\":\"Record\",\"EnumString\":\"\",\"Type\":[{\"Name\":\"_ownerid_value\",\"Kind\":\"Polymorphic\",\"EnumString\":\"\",\"Type\":[]},{\"Name\":\"createdby\",\"Kind\":\"DataEntity\",\"EnumString\":\"\",\"DataEntity\":{\"EntityInfoIdentity\":\"systemuser\",\"EntityInfoName\":\"createdby\",\"EntityInfoIsTable\":false,\"EntityInfoParentDSName\":\"Item Pricing lines\",\"EntityInfoRelatedEntityPath\":\"\"}},{\"Name\":\"createdon\",\"Kind\":\"DateTime\",\"EnumString\":\"\",\"Type\":[]},{\"Name\":\"createdonbehalfby\",\"Kind\":\"DataEntity\",\"EnumString\":\"\",\"DataEntity\":{\"EntityInfoIdentity\":\"systemuser\",\"EntityInfoName\":\"createdonbehalfby\",\"EntityInfoIsTable\":false,\"EntityInfoParentDSName\":\"Item Pricing lines\",\"EntityInfoRelatedEntityPath\":\"\"}},{\"Name\":\"exchangerate\",\"Kind\":\"Number\",\"EnumString\":\"\",\"Type\":[]},{\"Name\":\"importsequencenumber\",\"Kind\":\"Number\",\"EnumString\":\"\",\"Type\":[]},{\"Name\":\"modifiedby\",\"Kind\":\"DataEntity\",\"EnumString\":\"\",\"DataEntity\":{\"EntityInfoIdentity\":\"systemuser\",\"EntityInfoName\":\"modifiedby\",\"EntityInfoIsTable\":false,\"EntityInfoParentDSName\":\"Item Pricing lines\",\"EntityInfoRelatedEntityPath\":\"\"}},{\"Name\":\"modifiedon\",\"Kind\":\"DateTime\",\"EnumString\":\"\",\"Type\":[]},{\"Name\":\"modifiedonbehalfby\",\"Kind\":\"DataEntity\",\"EnumString\":\"\",\"DataEntity\":{\"EntityInfoIdentity\":\"systemuser\",\"EntityInfoName\":\"modifiedonbehalfby\",\"EntityInfoIsTable\":false,\"EntityInfoParentDSName\":\"Item Pricing lines\",\"EntityInfoRelatedEntityPath\":\"\"}},{\"Name\":\"overriddencreatedon\",\"Kind\":\"DateTime\",\"EnumString\":\"\",\"Type\":[]},{\"Name\":\"owningbusinessunit\",\"Kind\":\"DataEntity\",\"EnumString\":\"\",\"DataEntity\":{\"EntityInfoIdentity\":\"businessunit\",\"EntityInfoName\":\"owningbusinessunit\",\"EntityInfoIsTable\":false,\"EntityInfoParentDSName\":\"Item Pricing lines\",\"EntityInfoRelatedEntityPath\":\"\"}},{\"Name\":\"owningteam\",\"Kind\":\"DataEntity\",\"EnumString\":\"\",\"DataEntity\":{\"EntityInfoIdentity\":\"team\",\"EntityInfoName\":\"owningteam\",\"EntityInfoIsTable\":false,\"EntityInfoParentDSName\":\"Item Pricing lines\",\"EntityInfoRelatedEntityPath\":\"\"}},{\"Name\":\"owninguser\",\"Kind\":\"DataEntity\",\"EnumString\":\"\",\"DataEntity\":{\"EntityInfoIdentity\":\"systemuser\",\"EntityInfoName\":\"owninguser\",\"EntityInfoIsTable\":false,\"EntityInfoParentDSName\":\"Item Pricing lines\",\"EntityInfoRelatedEntityPath\":\"\"}},{\"Name\":\"statecode\",\"Kind\":\"OptionSetValue\",\"EnumString\":\"\",\"OptionSet\":{\"OptionSetIsValue\":true,\"OptionSetName\":\"Status (Item Pricing lines)\"}},{\"Name\":\"statuscode\",\"Kind\":\"OptionSetValue\",\"EnumString\":\"\",\"OptionSet\":{\"OptionSetIsValue\":true,\"OptionSetName\":\"Status Reason (Item Pricing lines)\"}},{\"Name\":\"timezoneruleversionnumber\",\"Kind\":\"Number\",\"EnumString\":\"\",\"Type\":[]},{\"Name\":\"transactioncurrencyid\",\"Kind\":\"DataEntity\",\"EnumString\":\"\",\"DataEntity\":{\"EntityInfoIdentity\":\"transactioncurrency\",\"EntityInfoName\":\"transactioncurrencyid\",\"EntityInfoIsTable\":false,\"EntityInfoParentDSName\":\"Item Pricing lines\",\"EntityInfoRelatedEntityPath\":\"\"}},{\"Name\":\"utcconversiontimezonecode\",\"Kind\":\"Number\",\"EnumString\":\"\",\"Type\":[]},{\"Name\":\"versionnumber\",\"Kind\":\"Number\",\"EnumString\":\"\",\"Type\":[]},{\"Name\":\"zx_Itempriceheader\",\"Kind\":\"DataEntity\",\"EnumString\":\"\",\"DataEntity\":{\"EntityInfoIdentity\":\"zx_itempricingmaster\",\"EntityInfoName\":\"zx_Itempriceheader\",\"EntityInfoIsTable\":false,\"EntityInfoParentDSName\":\"Item Pricing lines\",\"EntityInfoRelatedEntityPath\":\"\"}},{\"Name\":\"zx_Site\",\"Kind\":\"DataEntity\",\"EnumString\":\"\",\"DataEntity\":{\"EntityInfoIdentity\":\"new_branchmaster\",\"EntityInfoName\":\"zx_Site\",\"EntityInfoIsTable\":false,\"EntityInfoParentDSName\":\"Item Pricing lines\",\"EntityInfoRelatedEntityPath\":\"\"}},{\"Name\":\"zx_Variantcode\",\"Kind\":\"DataEntity\",\"EnumString\":\"\",\"DataEntity\":{\"EntityInfoIdentity\":\"zx_skumaster\",\"EntityInfoName\":\"zx_Variantcode\",\"EntityInfoIsTable\":false,\"EntityInfoParentDSName\":\"Item Pricing lines\",\"EntityInfoRelatedEntityPath\":\"\"}},{\"Name\":\"zx_baseprice\",\"Kind\":\"Number\",\"EnumString\":\"\",\"Type\":[]},{\"Name\":\"zx_enddate\",\"Kind\":\"DateTime\",\"EnumString\":\"\",\"Type\":[]},{\"Name\":\"zx_itemdescription\",\"Kind\":\"String\",\"EnumString\":\"\",\"Type\":[]},{\"Name\":\"zx_itempricing_AsyncOperations\",\"Kind\":\"DataEntity\",\"EnumString\":\"\",\"DataEntity\":{\"EntityInfoIdentity\":\"asyncoperation\",\"EntityInfoName\":\"zx_itempricing_AsyncOperations\",\"EntityInfoIsTable\":true,\"EntityInfoParentDSName\":\"Item Pricing lines\",\"EntityInfoRelatedEntityPath\":\"\"}},{\"Name\":\"zx_itempricing_BulkDeleteFailures\",\"Kind\":\"DataEntity\",\"EnumString\":\"\",\"DataEntity\":{\"EntityInfoIdentity\":\"bulkdeletefailure\",\"EntityInfoName\":\"zx_itempricing_BulkDeleteFailures\",\"EntityInfoIsTable\":true,\"EntityInfoParentDSName\":\"Item Pricing lines\",\"EntityInfoRelatedEntityPath\":\"\"}},{\"Name\":\"zx_itempricing_DuplicateBaseRecord\",\"Kind\":\"DataEntity\",\"EnumString\":\"\",\"DataEntity\":{\"EntityInfoIdentity\":\"duplicaterecord\",\"EntityInfoName\":\"zx_itempricing_DuplicateBaseRecord\",\"EntityInfoIsTable\":true,\"EntityInfoParentDSName\":\"Item Pricing lines\",\"EntityInfoRelatedEntityPath\":\"\"}},{\"Name\":\"zx_itempricing_DuplicateMatchingRecord\",\"Kind\":\"DataEntity\",\"EnumString\":\"\",\"DataEntity\":{\"EntityInfoIdentity\":\"duplicaterecord\",\"EntityInfoName\":\"zx_itempricing_DuplicateMatchingRecord\",\"EntityInfoIsTable\":true,\"EntityInfoParentDSName\":\"Item Pricing lines\",\"EntityInfoRelatedEntityPath\":\"\"}},{\"Name\":\"zx_itempricing_MailboxTrackingFolders\",\"Kind\":\"DataEntity\",\"EnumString\":\"\",\"DataEntity\":{\"EntityInfoIdentity\":\"mailboxtrackingfolder\",\"EntityInfoName\":\"zx_itempricing_MailboxTrackingFolders\",\"EntityInfoIsTable\":true,\"EntityInfoParentDSName\":\"Item Pricing lines\",\"EntityInfoRelatedEntityPath\":\"\"}},{\"Name\":\"zx_itempricing_PrincipalObjectAttributeAccesses\",\"Kind\":\"DataEntity\",\"EnumString\":\"\",\"DataEntity\":{\"EntityInfoIdentity\":\"principalobjectattributeaccess\",\"EntityInfoName\":\"zx_itempricing_PrincipalObjectAttributeAccesses\",\"EntityInfoIsTable\":true,\"EntityInfoParentDSName\":\"Item Pricing lines\",\"EntityInfoRelatedEntityPath\":\"\"}},{\"Name\":\"zx_itempricing_ProcessSession\",\"Kind\":\"DataEntity\",\"EnumString\":\"\",\"DataEntity\":{\"EntityInfoIdentity\":\"processsession\",\"EntityInfoName\":\"zx_itempricing_ProcessSession\",\"EntityInfoIsTable\":true,\"EntityInfoParentDSName\":\"Item Pricing lines\",\"EntityInfoRelatedEntityPath\":\"\"}},{\"Name\":\"zx_itempricing_SyncErrors\",\"Kind\":\"DataEntity\",\"EnumString\":\"\",\"DataEntity\":{\"EntityInfoIdentity\":\"syncerror\",\"EntityInfoName\":\"zx_itempricing_SyncErrors\",\"EntityInfoIsTable\":true,\"EntityInfoParentDSName\":\"Item Pricing lines\",\"EntityInfoRelatedEntityPath\":\"\"}},{\"Name\":\"zx_itempricingid\",\"Kind\":\"Guid\",\"EnumString\":\"\",\"Type\":[]},{\"Name\":\"zx_mrp\",\"Kind\":\"Currency\",\"EnumString\":\"\",\"Type\":[]},{\"Name\":\"zx_mrp_base\",\"Kind\":\"Currency\",\"EnumString\":\"\",\"Type\":[]},{\"Name\":\"zx_name\",\"Kind\":\"String\",\"EnumString\":\"\",\"Type\":[]},{\"Name\":\"zx_salesprice\",\"Kind\":\"Currency\",\"EnumString\":\"\",\"Type\":[]},{\"Name\":\"zx_salesprice_base\",\"Kind\":\"Currency\",\"EnumString\":\"\",\"Type\":[]},{\"Name\":\"zx_sellingpricedlp\",\"Kind\":\"Currency\",\"EnumString\":\"\",\"Type\":[]},{\"Name\":\"zx_sellingpricedlp_base\",\"Kind\":\"Currency\",\"EnumString\":\"\",\"Type\":[]},{\"Name\":\"zx_startdate\",\"Kind\":\"DateTime\",\"EnumString\":\"\",\"Type\":[]},{\"Name\":\"zx_uom\",\"Kind\":\"OptionSetValue\",\"EnumString\":\"\",\"OptionSet\":{\"OptionSetIsValue\":true,\"OptionSetName\":\"UOM (Item Pricing lines)\"}}]}}"
    }
  ],
  "FirstParty": true,
  "Id": "http://microsoft.com/appmagic/Component",
  "IsComponentLocked": false,
  "IsComponentTemplate": true,
  "IsCustomGroupControlTemplate": false,
  "IsPcfControl": false,
  "IsPremiumPcfControl": false,
  "IsWidgetTemplate": false,
  "LastModifiedTimestamp": "638150143825894306",
  "Name": "e82915f52298423ca6a2bce6d0004b54",
  "OverridableProperties": {},
  "TemplateOriginalName": "3e9279facdc34347aebf39461b7865fe",
  "Version": "638061594329874087"
}